DATE,CBONDRET,TBONDRET,CPIUS
192601,0.72,NaN,0
192602,0.45,NaN,0
192603,0.84,NaN,-0.56
192604,0.97,NaN,0.56
192605,0.44,NaN,-0.56
192606,0.04,NaN,-0.56
192607,0.57,NaN,-1.13
192608,0.44,NaN,-0.57
192609,0.57,NaN,0.57
192610,0.97,NaN,0.57
192611,0.57,NaN,0.57
192612,0.56,NaN,0
192701,0.56,NaN,-1.13
192702,0.69,NaN,-0.57
192703,0.83,NaN,-0.57
192704,0.55,NaN,0
192705,-0.11,NaN,0.58
192706,0.43,NaN,1.15
192707,0.03,NaN,-1.7
192708,0.83,NaN,-0.58
192709,1.49,NaN,0.58
192710,0.55,NaN,0.58
192711,0.68,NaN,-0.57
192712,0.68,NaN,0
192801,0.27,NaN,0
192802,0.68,NaN,-1.16
192803,0.41,NaN,0
192804,0.14,NaN,0
192805,-0.78,NaN,0.58
192806,-0.24,NaN,-0.58
192807,-0.1,NaN,0
192808,0.83,NaN,0
192809,0.3,NaN,1.17
192810,0.83,NaN,-0.58
192811,-0.36,NaN,0
192812,0.84,NaN,-0.58
192901,0.43,NaN,0
192902,0.3,NaN,0
192903,-0.87,NaN,-0.58
192904,0.19,NaN,-0.59
192905,0.45,NaN,0.59
192906,-0.46,NaN,0.59
192907,0.2,NaN,1.17
192908,0.2,NaN,0
192909,0.34,NaN,0
192910,0.73,NaN,0
192911,-0.18,NaN,0
192912,1.92,NaN,-0.58
193001,0.59,NaN,-0.58
193002,0.72,NaN,-0.58
193003,1.38,NaN,-0.59
193004,0.84,NaN,0.59
193005,0.57,NaN,-0.59
193006,1.1,NaN,-0.59
193007,0.56,NaN,-1.19
193008,1.36,NaN,-0.6
193009,1.08,NaN,0.61
193010,0.54,NaN,-0.6
193011,-0.12,NaN,-0.61
193012,-0.9,NaN,-1.83
193101,2.03,NaN,-1.24
193102,0.68,NaN,-1.26
193103,0.94,NaN,-0.64
193104,0.67,NaN,-0.64
193105,1.34,NaN,-1.29
193106,0.52,NaN,-1.31
193107,0.52,NaN,0
193108,0.12,NaN,0
193109,-0.14,NaN,-0.66
193110,-3.63,NaN,-0.67
193111,-1.89,NaN,-1.34
193112,-2.86,NaN,-0.68
193201,-0.52,NaN,-2.05
193202,-2.38,NaN,-1.4
193203,3.56,NaN,-0.71
193204,-1.76,NaN,-0.71
193205,1.07,NaN,-1.44
193206,-0.09,NaN,-0.73
193207,0.43,NaN,0
193208,4.36,NaN,-0.74
193209,3.01,NaN,-0.74
193210,0.74,NaN,-0.75
193211,0.73,NaN,-0.75
193212,1.39,NaN,-0.76
193301,5.47,NaN,-1.53
193302,-5.23,NaN,-1.55
193303,0.47,NaN,-0.79
193304,-0.95,NaN,0
193305,5.88,NaN,0
193306,1.9,NaN,0.79
193307,1.61,NaN,3.15
193308,0.93,NaN,0.76
193309,-0.14,NaN,0
193310,0.4,NaN,0
193311,-2.48,NaN,0
193312,2.57,NaN,0
193401,2.57,NaN,0
193402,1.46,NaN,0.76
193403,1.87,NaN,0
193404,1.04,NaN,0
193405,0.9,NaN,0
193406,1.58,NaN,0.75
193407,0.47,NaN,0
193408,0.47,NaN,0
193409,-0.61,NaN,1.49
193410,1.02,NaN,-0.74
193411,1.29,NaN,0
193412,1.01,NaN,-0.74
193501,2.11,NaN,1.49
193502,1.41,NaN,0.74
193503,0.43,NaN,0
193504,1.12,NaN,0.73
193505,0.42,NaN,0
193506,1.12,NaN,-0.72
193507,1.11,NaN,0
193508,-0.42,NaN,0
193509,0,NaN,0
193510,0.42,NaN,0
193511,0.69,NaN,0.73
193512,0.83,NaN,0
193601,0.82,NaN,0
193602,0.54,NaN,0
193603,0.82,NaN,-0.72
193604,0.26,NaN,0
193605,0.4,NaN,0
193606,0.82,NaN,0.73
193607,0.11,NaN,0.72
193608,0.67,NaN,0.72
193609,0.67,NaN,0
193610,0.25,NaN,0
193611,1.09,NaN,0
193612,0.1,NaN,0
193701,0.24,NaN,0.71
193702,-0.46,NaN,0
193703,-1.14,NaN,0.71
193704,0.68,NaN,0.7
193705,0.4,NaN,0.7
193706,0.53,NaN,0
193707,0.39,NaN,0.69
193708,-0.17,NaN,0
193709,0.25,NaN,0.69
193710,0.67,NaN,0
193711,0.67,NaN,-0.68
193712,0.67,NaN,-0.69
193801,0.38,NaN,-1.39
193802,0.1,NaN,-0.7
193803,-0.87,NaN,0
193804,1.38,NaN,0.71
193805,0.1,NaN,-0.7
193806,0.95,NaN,0
193807,0.66,NaN,0
193808,-0.19,NaN,0
193809,1.09,NaN,0
193810,0.8,NaN,-0.71
193811,0.37,NaN,0
193812,1.22,NaN,0
193901,0.22,NaN,0
193902,0.64,NaN,-0.71
193903,0.22,NaN,0
193904,0.64,NaN,-0.72
193905,0.49,NaN,0
193906,0.35,NaN,0
193907,-0.07,NaN,0
193908,-3.92,NaN,0
193909,1.51,NaN,2.17
193910,2.37,NaN,-0.71
193911,0.79,NaN,0
193912,0.78,NaN,0
194001,0.49,NaN,-0.71
194002,0.21,NaN,0.72
194003,0.49,NaN,0
194004,-0.92,NaN,0
194005,-0.21,NaN,0
194006,1.21,NaN,0.71
194007,0.21,NaN,-0.71
194008,0.07,NaN,0
194009,0.92,NaN,0
194010,0.49,NaN,0
194011,0.63,NaN,0
194012,-0.23,NaN,0.71
194101,0.06,NaN,0
194102,0.06,NaN,0
194103,-0.22,NaN,0.71
194104,0.78,NaN,0.7
194105,0.49,NaN,0.7
194106,0.63,NaN,2.08
194107,0.63,NaN,0
194108,0.34,NaN,1.36
194109,0.48,NaN,1.34
194110,0.34,NaN,1.32
194111,-0.94,-0.32,0.65
194112,0.06,-2.42,0.65
194201,0.06,0.69,1.29
194202,-0.08,0.11,0.64
194203,0.63,0.92,1.27
194204,0.06,-0.29,0.63
194205,0.2,0.75,1.24
194206,0.34,0.03,0
194207,0.2,0.18,0.61
194208,0.35,0.38,0.61
194209,0.2,0.03,0
194210,0.06,0.24,1.21
194211,0.06,-0.35,0.6
194212,0.49,0.49,0.6
194301,0.49,0.33,0
194302,0.06,-0.06,0
194303,0.2,0.09,1.78
194304,0.49,0.48,1.16
194305,0.48,0.5,0.57
194306,0.48,0.18,0
194307,0.19,-0.01,-0.57
194308,0.19,0.21,-0.57
194309,0.05,0.11,0.58
194310,-0.09,0.05,0
194311,-0.23,-0.01,0
194312,0.49,0.18,0
194401,0.2,0.21,0
194402,0.34,0.32,0
194403,0.48,0.21,0
194404,0.34,0.13,0.57
194405,0.05,0.28,0
194406,0.2,0.08,0.57
194407,0.34,0.36,0.57
194408,0.34,0.27,0
194409,0.19,0.14,0
194410,0.19,0.12,0
194411,0.48,0.24,0
194412,1.49,0.42,0.57
194501,0.76,1.27,0
194502,0.46,0.77,0
194503,0.18,0.21,0
194504,0.18,1.6,0
194505,-0.11,0.56,0.56
194506,0.32,1.69,1.12
194507,-0.11,-0.86,0
194508,0.04,0.26,0
194509,0.32,0.54,0
194510,0.32,1.04,0
194511,0.32,1.25,0
194512,1.33,1.94,0.55
194601,1.28,0.25,0
194602,0.34,0.32,-0.55
194603,0.34,0.1,1.11
194604,-0.43,-1.35,0.55
194605,0.19,-0.12,0.54
194606,0.19,0.7,1.08
194607,-0.12,-0.4,5.88
194608,-0.88,-1.12,2.02
194609,-0.26,-0.09,0.99
194610,0.2,0.74,1.96
194611,-0.25,-0.54,2.4
194612,1.13,1.45,0.94
194701,0.05,-0.06,0
194702,0.05,0.21,0
194703,0.67,0.2,1.86
194704,0.2,-0.37,0
194705,0.2,0.33,0
194706,0.04,0.1,0.46
194707,0.2,0.63,0.91
194708,-0.71,0.81,1.35
194709,-1.31,-0.44,2.22
194710,-0.99,-0.37,0
194711,-0.98,-1.74,0.43
194712,0.24,-1.92,1.3
194801,0.24,0.2,1.28
194802,0.39,0.46,-0.84
194803,1.15,0.34,-0.43
194804,0.38,0.45,1.71
194805,0.08,1.41,0.42
194806,-0.83,-0.84,0.84
194807,-0.52,-0.21,1.24
194808,0.55,0.01,0.41
194809,0.24,0.14,0
194810,0.24,0.07,-0.41
194811,0.85,0.76,-0.82
194812,1.31,0.56,-0.41
194901,0.38,0.82,-0.41
194902,0.38,0.49,-0.83
194903,0.07,0.74,0
194904,0.23,0.11,0.42
194905,0.38,0.19,-0.42
194906,0.84,1.67,0.42
194907,0.99,0.33,-0.84
194908,0.37,1.11,0.42
194909,0.21,-0.11,0.42
194910,0.67,0.19,-0.84
194911,0.21,0.21,0.42
194912,-1.45,0.52,-0.84
195001,0.37,-0.61,-0.42
195002,0.07,0.21,0
195003,0.22,0.08,0.43
195004,-0.08,0.3,0
195005,-0.08,0.33,0.42
195006,0.23,-0.25,0.42
195007,0.69,0.55,1.26
195008,0.38,0.14,0.83
195009,-0.39,-0.72,0.41
195010,-0.08,-0.48,0.82
195011,0.54,0.35,0.41
195012,0.23,0.16,1.21
195101,0.19,0.58,1.6
195102,-0.44,-0.74,1.18
195103,-2.37,-1.57,0.39
195104,-0.09,-0.63,0
195105,-0.15,-0.69,0.39
195106,-0.93,-0.62,0
195107,2.05,1.38,0
195108,1.14,0.99,0
195109,-0.57,-0.8,0.77
195110,-1.45,0.1,0.38
195111,-0.61,-1.36,0.76
195112,0.58,-0.61,0.38
195201,1.99,0.28,0
195202,-0.85,0.14,-0.75
195203,0.76,1.11,0
195204,-0.04,1.71,0.38
195205,0.31,-0.34,0
195206,0.16,0.03,0.38
195207,0.16,-0.2,0.75
195208,0.63,-0.7,0
195209,-0.18,-1.3,0
195210,0.39,1.48,0
195211,1.08,-0.15,0
195212,-0.91,-0.86,0
195301,-0.8,0.12,-0.37
195302,-0.4,-0.87,-0.38
195303,-0.33,-0.88,0.38
195304,-2.48,-1.05,0
195305,-0.3,-1.48,0.38
195306,1.09,2.23,0.37
195307,1.77,0.39,0
195308,-0.85,-0.08,0.37
195309,2.53,2.99,0
195310,2.27,0.74,0.37
195311,-0.73,-0.49,-0.37
195312,1.72,2.06,0
195401,1.24,0.89,0
195402,1.98,2.4,0
195403,0.39,0.58,0
195404,-0.34,1.04,-0.37
195405,-0.42,-0.87,0.37
195406,0.63,1.63,0
195407,0.4,1.34,0
195408,0.18,-0.36,0
195409,0.4,-0.1,-0.37
195410,0.4,0.06,0
195411,0.25,-0.25,0
195412,0.17,0.64,-0.37
195501,-0.97,-2.41,0
195502,-0.63,-0.78,0
195503,0.92,0.38,0
195504,-0.01,0.27,0
195505,-0.18,0.82,0
195506,0.29,-0.52,0
195507,-0.41,-0.81,0.37
195508,-0.38,0.15,0
195509,0.76,1.19,0.37
195510,0.78,0.75,0
195511,-0.3,-0.16,0
195512,0.63,0.49,-0.37
195601,1.04,0.63,0
195602,0.26,0.14,0
195603,-1.46,-1.44,0
195604,-1.15,-0.99,0.37
195605,0.52,2.42,0.37
195606,-0.18,0.3,0.74
195607,-0.93,-2.4,0.74
195608,-2.08,-1.77,-0.37
195609,0.12,0.31,0.37
195610,-1.05,-0.7,0.37
195611,-1.26,-0.73,0
195612,-0.82,-2.12,0.36
195701,1.97,3.93,0
195702,0.93,0.11,0.36
195703,0.5,-0.14,0.36
195704,-0.66,-2.5,0.36
195705,-0.75,-0.26,0.36
195706,-3.22,-2.89,0.36
195707,-1.1,0.46,0.71
195708,-0.09,0,0
195709,0.95,1,0
195710,0.23,-0.42,0
195711,3.11,5.49,0.35
195712,6.85,3.49,0
195801,0.99,-1.55,0.7
195802,-0.08,1.69,0
195803,-0.46,0.96,0.7
195804,1.63,2.21,0.35
195805,0.31,1.21,0
195806,-0.38,-1.87,0
195807,-1.53,-4.05,0.35
195808,-3.2,-4.05,-0.34
195809,-0.96,-1.78,0
195810,1.07,1.12,0
195811,1.05,1.6,0.35
195812,-0.58,-2.14,-0.34
195901,-0.28,-1.03,0.35
195902,1.26,0.42,-0.34
195903,-0.83,-0.48,0
195904,-1.72,-0.91,0.35
195905,-1.14,-0.38,0
195906,0.44,0.2,0.34
195907,0.89,1.02,0.34
195908,-0.68,-1.73,0
195909,-0.88,0.61,0.34
195910,1.65,1.74,0.34
195911,1.35,-1.2,0
195912,-0.96,-3.18,0
196001,1.07,0.76,-0.34
196002,1.28,1.64,0.34
196003,1.91,4.98,0
196004,-0.22,-2.04,0.34
196005,-0.21,2.46,0
196006,1.41,2.86,0.34
196007,2.57,3.7,0
196008,1.17,-1.61,0
196009,-0.63,-0.36,0
196010,0.08,-0.35,0.68
196011,-0.7,-1.44,0
196012,1.04,3.31,0
196101,1.48,-1.26,0
196102,2.1,2.42,0
196103,-0.29,-0.02,0
196104,-1.16,1.56,0
196105,0.49,0.99,0
196106,-0.8,-2.81,0
196107,0.4,-0.01,0.67
196108,-0.18,-1.75,-0.33
196109,1.44,0.37,0.33
196110,1.27,0.54,0
196111,0.28,-0.17,0
196112,-0.26,-0.52,0
196201,0.8,0.48,0
196202,0.52,0.36,0.33
196203,1.51,2.62,0
196204,1.42,1.68,0.33
196205,0,-0.48,0
196206,-0.26,-1.18,0
196207,-0.15,-0.82,0.33
196208,1.43,3.19,0
196209,0.89,1.55,0.33
196210,0.68,1.22,0
196211,0.62,0.34,0
196212,0.23,-0.55,0
196301,0.59,-0.07,0
196302,0.23,0.19,0
196303,0.26,-0.22,0.33
196304,-0.51,-0.2,0
196305,0.48,0.36,0
196306,0.43,0.4,0.33
196307,0.28,0.45,0.33
196308,0.35,0.28,0
196309,-0.23,-0.42,0
196310,0.49,-0.43,0.33
196311,0.15,-0.3,0
196312,-0.34,-1.14,0.32
196401,0.87,0.08,0
196402,0.54,0.12,0
196403,-0.62,-0.95,0
196404,0.4,1.42,0
196405,0.57,1.74,0
196406,0.48,1.47,0.32
196407,0.52,-0.14,0.32
196408,0.37,0,-0.32
196409,0.21,-0.15,0.32
196410,0.5,0.79,0
196411,-0.04,0.22,0.32
196412,0.88,-0.07,0
196501,0.81,0.71,0
196502,0.09,0.05,0
196503,0.12,0.56,0.32
196504,0.21,0.69,0.32
196505,-0.08,0.35,0
196506,0.03,0.39,0.64
196507,0.19,0.14,0
196508,-0.06,-0.98,0
196509,-0.15,-2.28,0
196510,0.46,0.88,0.32
196511,-0.57,0.76,0
196512,-1.49,-0.51,0.32
196601,0.22,0.23,0
196602,-1.13,-3.5,0.63
196603,-0.59,1.8,0.31
196604,0.13,0.99,0.62
196605,-0.26,0.47,0
196606,0.3,-1.14,0.31
196607,-0.98,0.14,0.31
196608,-2.59,-0.43,0.62
196609,0.78,2.02,0
196610,2.61,2.3,0.61
196611,-0.2,-1.73,0
196612,2.01,4.03,0
196701,4.5,2.85,0
196702,-2.01,-2.75,0
196703,1.17,1.66,0.3
196704,-0.71,-2.63,0.3
196705,-2.54,-0.29,0.3
196706,-2.23,-2.38,0.3
196707,0.41,1.91,0.3
196708,-0.07,-0.48,0.3
196709,0.94,-0.58,0.3
196710,-2.81,-4.08,0.3
196711,-2.72,0.45,0.3
196712,1.27,1.02,0.3
196801,3.61,3.88,0.59
196802,0.37,-0.51,0.29
196803,-1.97,-3.01,0.29
196804,0.48,1.36,0.29
196805,0.32,0.3,0.29
196806,1.22,2.77,0.58
196807,3.41,2.05,0.58
196808,2.06,-0.11,0.29
196809,-0.53,-1.26,0.29
196810,-1.6,-1.43,0.57
196811,-2.26,-2.19,0.28
196812,-2.33,-2.74,0.28
196901,1.39,-1.55,0.28
196902,-1.6,-0.23,0.56
196903,-2,-2.14,0.84
196904,3.35,4.54,0.55
196905,-2.27,-3.79,0.28
196906,0.35,2.98,0.55
196907,0.05,1.21,0.55
196908,-0.2,-1.18,0.54
196909,-2.44,-5.29,0.27
196910,1.27,4.99,0.54
196911,-4.71,-3.6,0.54
196912,-1.34,-1.87,0.53
197001,1.41,0.54,0.27
197002,4.01,7.67,0.53
197003,-0.45,-0.98,0.53
197004,-2.5,-4.24,0.79
197005,-1.63,-4.07,0.26
197006,0.01,6.3,0.52
197007,5.56,3.18,0.52
197008,1,-1.94,0
197009,1.39,3.03,0.51
197010,-0.96,-0.22,0.51
197011,5.84,5.96,0.51
197012,3.72,-2.65,0.51
197101,5.32,6.25,0
197102,-3.66,-1.75,0.25
197103,2.58,4.06,0.25
197104,-2.36,-0.36,0.25
197105,-1.61,0.36,0.5
197106,1.07,-0.17,0.74
197107,-0.25,0.56,0.25
197108,5.54,4.89,0.25
197109,-1.02,2.06,0
197110,2.82,2.08,0.25
197111,0.29,-0.24,0
197112,2.23,-0.26,0.49
197201,-0.33,-0.89,0
197202,1.07,1.48,0.49
197203,0.24,-0.74,0.24
197204,0.35,0.83,0.24
197205,1.63,2.06,0.24
197206,-0.68,-0.75,0.24
197207,0.3,2.21,0.48
197208,0.72,0.68,0.24
197209,0.31,-0.35,0.24
197210,1.01,1.31,0.48
197211,2.49,1.43,0.24
197212,-0.04,-2.51,0.24
197301,-0.54,-4.35,0.24
197302,0.23,0.08,0.7
197303,0.45,0.69,0.93
197304,0.61,0.33,0.69
197305,-0.39,-0.86,0.69
197306,-0.56,-0.21,0.68
197307,-4.76,-4.18,0.23
197308,3.56,3.29,1.81
197309,3.56,3.99,0.22
197310,-0.66,-1.55,0.89
197311,0.78,1.48,0.66
197312,-0.89,-0.7,0.65
197401,-0.53,-0.67,0.87
197402,0.09,-0.28,1.29
197403,-3.07,-3.16,1.27
197404,-3.41,-2.07,0.42
197405,1.05,1.74,1.25
197406,-2.85,0.62,0.82
197407,-2.11,-0.83,0.82
197408,-2.68,-3.19,1.21
197409,1.74,2.64,1.2
197410,8.85,4.15,0.99
197411,1.17,1.21,0.78
197412,-0.75,0.3,0.78
197501,5.96,2.91,0.39
197502,1.37,0.9,0.77
197503,-2.47,-3.28,0.38
197504,-0.52,-1.71,0.38
197505,1.06,3.04,0.57
197506,3.04,2.34,0.75
197507,-0.3,-0.91,1.12
197508,-1.75,-0.53,0.18
197509,-1.26,-1.16,0.55
197510,5.53,5.37,0.55
197511,-0.88,-1.37,0.73
197512,4.42,4.11,0.36
197601,1.88,1.21,0.18
197602,0.61,0.25,0.36
197603,1.67,2.21,0.18
197604,-0.15,-0.07,0.36
197605,-1.03,-1.28,0.71
197606,1.5,1.97,0.53
197607,1.49,0.65,0.53
197608,2.31,2.14,0.53
197609,1.67,1.64,0.35
197610,0.7,0.89,0.52
197611,3.19,3.37,0.17
197612,3.47,3.54,0.34
197701,-3.03,-3.89,0.52
197702,-0.2,-0.45,1.03
197703,0.94,1.14,0.68
197704,1,0.55,0.84
197705,1.06,1.3,0.5
197706,1.75,1.95,0.66
197707,-0.05,-0.95,0.49
197708,1.36,2.14,0.33
197709,-0.22,-0.38,0.33
197710,-0.38,-0.79,0.33
197711,0.61,0.88,0.49
197712,-1.05,-1.8,0.32
197801,-0.89,-0.97,0.64
197802,0.51,0.17,0.64
197803,0.42,-0.2,0.79
197804,-0.23,0.02,0.79
197805,-1.08,-0.64,0.94
197806,0.23,-0.58,1.09
197807,1.01,1.38,0.77
197808,2.57,2.55,0.46
197809,-0.48,-1,0.76
197810,-2.05,-1.89,0.9
197811,1.34,1.74,0.45
197812,-1.33,-0.99,0.45
197901,1.84,1.98,0.89
197902,-1.28,-1.62,1.17
197903,1.06,1.36,1.01
197904,-0.52,-1.24,1.15
197905,2.28,2.45,1.27
197906,2.69,3.28,1.12
197907,-0.31,-0.8,1.11
197908,0.06,-0.34,0.96
197909,-1.79,-0.81,1.08
197910,-8.9,-7.73,0.8
197911,2.22,2.52,0.93
197912,-1.08,0.58,1.05
198001,-6.45,-7.54,1.43
198002,-6.65,-7.11,1.41
198003,-0.62,0.58,1.52
198004,13.76,13.31,1.12
198005,5.6,4.4,0.99
198006,3.41,4.57,1.1
198007,-4.29,-5.21,0
198008,-4.45,-3.41,0.73
198009,-2.37,-2.97,0.84
198010,-1.59,-3.12,0.95
198011,0.17,1.55,0.83
198012,2.48,3.83,0.94
198101,-1.3,-1.31,0.81
198102,-2.69,-3.96,1.03
198103,3.11,3.18,0.68
198104,-7.69,-5.29,0.68
198105,5.95,4.98,0.79
198106,0.23,-0.48,0.89
198107,-3.72,-3.41,1.1
198108,-3.45,-4.07,0.76
198109,-1.99,-1.75,0.98
198110,5.21,7.91,0.21
198111,12.67,11.37,0.32
198112,-5.8,-4.72,0.32
198201,-1.29,-0.1,0.32
198202,3.12,1.89,0.32
198203,3.06,2.47,-0.11
198204,3.38,3.24,0.42
198205,2.45,0.66,0.95
198206,-4.68,-2.18,1.25
198207,5.4,4.53,0.52
198208,8.37,8.23,0.21
198209,6.23,5.93,0.2
198210,7.59,7.94,0.31
198211,2.01,-1.19,-0.2
198212,1.08,3.13,-0.41
198301,-0.94,-2.85,0.2
198302,4.28,5.13,0.1
198303,0.72,-0.93,0
198304,5.48,3.45,0.72
198305,-3.24,-3.83,0.61
198306,-0.46,0.32,0.3
198307,-4.55,-4.79,0.4
198308,0.51,0.27,0.3
198309,3.92,5.07,0.5
198310,-0.25,-1.39,0.3
198311,1.42,1.84,0.2
198312,-0.33,-0.45,0.1
198401,2.7,2.4,0.59
198402,-1.72,-1.76,0.49
198403,-2.35,-1.55,0.2
198404,-0.73,-0.76,0.49
198405,-4.83,-5.4,0.29
198406,1.99,1.36,0.29
198407,5.86,6.86,0.39
198408,3.07,2.91,0.38
198409,3.14,3.32,0.48
198410,5.72,5.89,0.29
198411,2.12,1,0
198412,1.28,1.11,0
198501,3.25,3.96,0.19
198502,-3.73,-5.07,0.47
198503,1.79,3.05,0.38
198504,2.96,1.91,0.47
198505,8.2,9.37,0.37
198506,0.83,1.8,0.28
198507,-1.21,-1.04,0.19
198508,2.6,2.12,0.19
198509,0.71,0.08,0.28
198510,3.29,3.48,0.37
198511,3.7,4.35,0.28
198512,4.69,6.71,0.28
198601,0.45,0.18,0.27
198602,7.52,10.27,-0.27
198603,2.56,10.47,-0.46
198604,0.16,0.27,-0.18
198605,-1.64,-3.69,0.28
198606,2.18,6.75,0.55
198607,0.31,-1.96,0
198608,2.75,3.61,0.18
198609,-1.14,-3.86,0.46
198610,1.89,0.49,0.09
198611,2.33,1.47,0.09
198612,1.17,-0.31,0.09
198701,2.16,0.74,0.63
198702,0.58,0.57,0.36
198703,-0.87,-3.1,0.45
198704,-5.02,-6.11,0.54
198705,-0.52,-1.47,0.35
198706,1.55,2.29,0.35
198707,-1.19,-3.18,0.26
198708,-0.75,-2.41,0.53
198709,-4.22,-5.19,0.52
198710,5.07,8.6,0.26
198711,1.25,-0.06,0.09
198712,2.12,2.3,0
198801,5.17,6.23,0.26
198802,1.38,1.44,0.26
198803,-1.88,-3.76,0.43
198804,-1.49,-2.28,0.52
198805,-0.57,-1.88,0.34
198806,3.79,5.22,0.43
198807,-1.11,-2.86,0.42
198808,0.54,-0.03,0.42
198809,3.26,4.05,0.67
198810,2.73,3.23,0.33
198811,-1.69,-2.86,0.08
198812,0.39,1.53,0.17
198901,2.02,2.42,0.5
198902,-1.29,-2.43,0.41
198903,0.64,1.1,0.58
198904,2.13,2.79,0.65
198905,3.79,4,0.57
198906,3.95,6.77,0.24
198907,1.78,2.03,0.24
198908,-1.63,-2.72,0.16
198909,0.4,0.3,0.32
198910,2.76,4.37,0.48
198911,0.7,0.88,0.24
198912,0.06,-0.34,0.16
199001,-1.91,-4.29,1.03
199002,-0.12,-0.59,0.47
199003,-0.11,-0.26,0.55
199004,-1.91,-3.03,0.16
199005,3.85,4.89,0.23
199006,2.16,2.57,0.54
199007,1.02,0.58,0.38
199008,-2.92,-5.14,0.92
199009,0.91,1.03,0.84
199010,1.32,2.59,0.6
199011,2.85,4.77,0.22
199012,1.67,2.25,0
199101,1.5,1.14,0.6
199102,1.21,0.5,0.15
199103,1.08,0.11,0.15
199104,1.38,1.19,0.15
199105,0.39,-0.33,0.3
199106,-0.18,-1.11,0.3
199107,1.67,1.45,0.15
199108,2.75,3.63,0.29
199109,2.71,3.46,0.44
199110,0.43,-0.36,0.15
199111,1.06,-0.26,0.29
199112,4.36,7.01,0.07
199201,-1.73,-3.39,0.15
199202,0.96,0.17,0.36
199203,-0.73,-1.09,0.51
199204,0.16,-0.36,0.14
199205,2.54,3.01,0.14
199206,1.56,1.23,0.36
199207,3.08,4.52,0.21
199208,0.9,0.42,0.28
199209,0.99,1.08,0.28
199210,-1.56,-2.36,0.35
199211,0.69,0.73,0.14
199212,2.28,2.94,-0.07
199301,2.5,2.79,0.49
199302,2.56,3.63,0.35
199303,0.25,0.24,0.35
199304,0.52,0.36,0.28
199305,0.2,0.08,0.14
199306,2.93,4.42,0.14
199307,1,1.93,0
199308,2.87,4.98,0.28
199309,0.43,1.26,0.21
199310,0.51,1.53,0.41
199311,-1.88,-3.82,0.07
199312,0.67,-0.25,0
199401,2.02,2.07,0.27
199402,-2.86,-4.99,0.34
199403,-3.83,-4.87,0.34
199404,-0.97,-1.87,0.14
199405,-0.62,-0.89,0.07
199406,-0.81,-1.58,0.34
199407,3.09,3.44,0.27
199408,-0.31,-1.26,0.4
199409,-2.65,-3.61,0.27
199410,-0.5,-0.99,0.07
199411,0.18,0.38,0.13
199412,1.57,1.88,0
199501,2.56,2.69,0.4
199502,2.89,2.92,0.4
199503,0.95,0.91,0.33
199504,1.75,1.69,0.33
199505,6.31,9.15,0.2
199506,0.79,1.04,0.2
199507,-1.01,-2.24,0
199508,2.14,2.28,0.26
199509,1.53,2.64,0.2
199510,1.85,2.57,0.33
199511,2.42,3.1,-0.07
199512,2.28,2.88,-0.07
199601,0.14,-0.44,0.59
199602,-3.73,-5.93,0.32
199603,-1.3,-2.05,0.52
199604,-1.6,-2.14,0.39
199605,0.05,-0.82,0.19
199606,1.72,1.71,0.06
199607,0.1,-0.3,0.19
199608,-0.7,-1.77,0.19
199609,2.59,3.04,0.32
199610,3.61,4.27,0.32
199611,2.63,3.45,0.19
199612,-1.86,-3.15,0
199701,-0.28,-1.3,0.32
199702,0.28,-0.27,0.31
199703,-2.21,-3.08,0.25
199704,1.84,2.34,0.13
199705,1.28,1.14,-0.06
199706,1.87,2.21,0.12
199707,5.28,6.88,0.12
199708,-2.4,-3.75,0.19
199709,2.26,3.42,0.25
199710,1.91,3.86,0.25
199711,1.01,1.14,-0.06
199712,1.63,2.54,-0.12
199801,1.37,2.06,0.19
199802,-0.07,-1.2,0.19
199803,0.38,0.35,0.19
199804,0.53,0.31,0.19
199805,1.67,2.42,0.18
199806,1.15,3.08,0.12
199807,-0.56,-0.77,0.12
199808,0.89,6.03,0.12
199809,4.13,5.21,0.12
199810,-1.9,-2.26,0.24
199811,2.7,0.95,0
199812,0.1,0.04,-0.06
199901,1.23,0.54,0.24
199902,-4.01,-7.45,0.12
199903,0.02,-0.12,0.3
199904,-0.24,-0.07,0.73
199905,-1.76,-1.92,0
199906,-1.6,-1.39,0
199907,-1.13,-1.41,0.3
199908,-0.26,-0.46,0.24
199909,0.93,0.64,0.48
199910,0.47,-1.05,0.18
199911,-0.24,-1.12,0.06
199912,-1.02,-1.96,0
200001,-0.21,0.45,0.3
200002,0.92,3.68,0.59
200003,1.69,4.87,0.82
200004,-1.15,-1.35,0.06
200005,-1.61,-0.09,0.12
200006,3.26,2.06,0.52
200007,1.79,2.03,0.23
200008,1.35,2.08,0
200009,0.46,-2.46,0.52
200010,0.45,1.84,0.17
200011,2.63,2.91,0.06
200012,2.7,2.65,-0.06
200101,3.59,-0.19,0.63
200102,1.27,1.42,0.4
200103,-0.29,-1.48,0.23
200104,-1.28,-4.31,0.4
200105,1.32,0.88,0.45
200106,0.55,0.42,0.17
200107,3.61,3.86,-0.28
200108,1.57,2.7,0
200109,-1.52,-0.27,0.45
200110,4.37,8.89,-0.34
200111,-1.88,-5.54,-0.17
200112,-0.9,-2.28,-0.39
200201,1.75,1.01,0.23
200202,1.3,0.68,0.4
200203,-2.95,-5.04,0.56
200204,2.53,3.63,0.56
200205,1.13,0.21,0
200206,0.73,1.87,0.06
200207,0.94,3.5,0.11
200208,4.52,6.01,0.33
200209,3.3,4.29,0.17
200210,-2.4,-4.2,0.17
200211,1.03,-0.33,0
200212,3.61,4.26,-0.22
200301,0.21,-0.48,0.44
200302,2.64,2.9,0.77
200303,-0.8,-1.79,0.6
200304,2.29,1.14,-0.22
200305,4.71,6.42,-0.16
200306,-1.43,-2.32,0.11
200307,-8.81,-10.49,0.11
200308,2.19,2.3,0.38
200309,5.03,5.52,0.33
200310,-2.03,-3.14,-0.11
200311,0.52,0.41,-0.27
200312,1.39,1.32,-0.11
200401,1.87,1.95,0.49
200402,1.78,2.16,0.54
200403,1.18,1.42,0.64
200404,-5.34,-6.73,0.32
200405,-0.71,-0.34,0.59
200406,0.93,1.2,0.32
200407,1.84,1.67,-0.16
200408,3.95,4.32,0.05
200409,1.01,0.91,0.21
200410,1.64,1.87,0.53
200411,-2,-2.58,0.05
200412,2.57,2.99,-0.37
200501,2.54,3.84,0.21
200502,-0.81,-1.57,0.58
200503,-2.36,-0.09,0.78
200504,2.14,3.91,0.67
200505,2.34,3.25,-0.1
200506,1.64,2.27,0.05
200507,-1.39,-3.64,0.46
200508,2,3.55,0.51
200509,-3.36,-4.11,1.22
200510,-2.19,-2.25,0.2
200511,0.88,1.25,-0.8
200512,2.12,2.65,-0.4
200601,-0.75,-1.6,0.76
200602,1.35,1.28,0.2
200603,-3.61,-5.55,0.55
200604,-1.55,-3.8,0.85
200605,-0.58,-0.56,0.5
200606,0.12,1.09,0.2
200607,2.29,2.3,0.3
200608,3.2,3.35,0.2
200609,1.72,2.23,-0.49
200610,1.4,1.15,-0.54
200611,2.38,2.88,-0.15
200612,-2.18,-3.51,0.15
