Month;NoDur;Durbl;Manuf;Enrgy;HiTec;Telcm;Shops;Hlth;Utils;Other;Zm
192607;1.21;15.39;4.38;-1.39;2.68;0.61;-3.03;1.42;6.88;1.9;2.62
192608;3.75;3.39;2.54;3.06;2.41;1.92;-0.79;4.26;-1.99;4.14;2.56
192609;0.97;4.65;0.99;-3.6;-0.61;2.18;-0.09;0.38;1.73;0.06;0.36
192610;-1.66;-8.54;-3.93;-1.1;-4.9;-0.43;-5.63;-1.05;-2.99;-3.17;-3.43
192611;4.84;-0.51;3.83;-0.75;4.4;1.32;3.74;5.22;3.45;1.84;2.39
192612;0.56;9.63;3.42;2.51;-0.3;1.71;2.61;-0.13;-0.4;3.11;2.77
192701;-0.89;-1.16;-0.31;0.96;-1.39;1.63;-3.44;4.66;-2.02;1.27;-0.1
192702;3.11;8.62;5.54;1.17;4.19;3.71;4.29;1.39;4.34;4.78;4.32
192703;2.41;1.35;1.17;-6.21;1.15;5.26;2.55;0.58;0.14;0.96;0.32
192704;3.06;2.92;0.53;-5.29;5.15;-2.38;1.96;3;1.4;0.66;0.41
192705;7.87;5.62;4.79;4.5;7.07;3.05;0.33;3.71;9.01;6.09;5.4
192706;-2.01;-3.21;-3.05;-3.42;3.02;-2.4;-0.05;0.19;-3.9;-2.23;-2.27
192707;4.85;12.83;10.09;2.6;11.59;3.43;9.16;9.54;5.01;5.88;7.01
192708;2.15;6.74;3.39;-0.28;5.51;0.15;12.8;0;3.15;-1.48;2.54
192709;5.1;5.52;4.54;3.12;1.21;6.32;4.91;5.44;8.08;4.54;4.69
192710;-1.05;-4.63;-6.95;-2.31;-7.44;-2.34;-6.26;4.88;-4.59;-4.05;-4.44
192711;6.57;6.14;10.64;3.94;10.41;2.62;10.71;3.47;6.11;4.32;6.66
192712;2.25;7.56;2.86;0.68;0.96;1.11;-0.4;-0.68;2.02;1.78;2.15
192801;0.32;-3.59;-0.82;-2.12;-0.65;0.05;-0.81;2.44;5.62;-1.42;-0.6
192802;-4.32;0.97;-2.22;-0.54;-0.78;-0.63;-2;-1.71;-1.03;-2.27;-1.77
192803;4.07;27.33;7.92;5.08;18.93;1.67;8.49;10.25;6.33;5.76;8.8
192804;-0.65;1.2;1.25;14.9;2.01;3;0.31;2.13;10.72;3.88;4.1
192805;0.56;5.32;3.22;-5.58;2.25;6.29;3.65;8.95;1.19;-0.23;1.52
192806;-4.66;-4.34;-5.21;-4.36;-5.44;-5.54;-4.41;-3.46;-3.74;-4.53;-4.84
192807;1.52;0.55;1.68;0.66;0.31;-1.6;4.53;2.36;-1.47;-0.64;0.69
192808;5.63;8.74;8.28;2.06;9.74;4.23;11.62;14.79;6.14;4.45;6.66
192809;0.95;7.51;3.88;4.94;0.46;-0.12;1.26;-1.77;3.08;1.67;2.87
192810;0.38;-0.27;3.9;1.5;1.41;2.56;3.69;-0.49;-2.05;-0.73;1.47
192811;6.19;4.1;12.73;16.9;19.29;6.3;13.78;4.67;21.6;9.68;11.75
192812;-0.51;-1.32;2.98;-4.3;7.08;-0.44;-2.68;-0.34;1.46;0.41;0.38
192901;3.12;0.93;10.7;-8.01;10.1;13.04;-4.6;2.91;12.62;5.33;4.87
192902;-2.87;-0.47;3.01;-0.39;-1.11;-1.51;-2.84;-0.52;-2.46;-0.41;-0.38
192903;-4.85;-2.17;-2.15;10.7;4.26;3.95;-6.05;-2.27;-3.43;-2.55;-1.14
192904;1.49;-1.37;2.23;0.39;1.31;3.03;2.63;1.19;4.9;0.2;1.37
192905;-4.41;-15.46;-10.22;-5.99;0.02;-9.2;-7.61;-8.11;4.73;-0.27;-6.02
192906;4.48;6.4;12.78;0.61;16.52;13.18;7.6;3.61;22.91;5.29;9.44
192907;2.88;-3.24;3.8;0.03;8.82;13.36;0.16;2.54;9.01;6.32;4.24
192908;4.41;2.63;9.26;11.24;11.95;10.59;6.74;3.64;8.83;7.49;8.16
192909;-4.01;-8.7;-7.61;-3.2;-7.84;-1.7;-4.97;-7.33;1.23;-6.82;-5.35
192910;-10.81;-29.36;-19.96;-10.31;-28.25;-15.87;-24.4;-18.48;-30.29;-12.3;-20.01
192911;-8.67;-17.67;-14.41;-6.66;-19.6;-9.84;-12.78;-8.9;-15.03;-9.99;-12.7
192912;0.39;4.53;1.23;-1.34;10.65;0.63;-3.41;1.03;7.63;-0.75;1.44
193001;5.49;5.74;6.7;-1.05;10.28;1.05;3.25;2.1;7.07;4.42;5.52
193002;1.98;2.13;1.94;-4.77;7.33;6.76;-6;2.58;8.13;3.08;2.47
193003;1.9;11.08;6.53;17.13;7.93;8.75;-2.18;5.55;9.08;4.57;7.17
193004;0.39;-7.98;-7.69;6.45;1.89;-4.73;0.8;-0.16;3.17;-6.77;-2.3
193005;1.19;3.9;-2.1;-3.81;-4.62;0.2;-0.5;-1.48;-1.37;-1.2;-1.57
193006;-11.32;-22.51;-16.72;-15.48;-19.92;-8.61;-15.38;-13.48;-19.32;-11.99;-16.03
193007;2.91;11.89;4.57;4.92;3.87;1.07;2.95;5.92;1.62;3.36;3.77
193008;1.94;-1.99;-0.17;-3.28;2.14;1.65;4.27;7.99;1.5;-0.39;0.32
193009;-9.2;-16.93;-13.91;-15.68;-18.43;-5.48;-9.92;-8.93;-12.26;-10.59;-12.62
193010;-4.88;-11.7;-10.07;-8.27;-17.4;-4.2;-8.71;-4.75;-8.8;-8.49;-8.79
193011;0.01;5.32;-0.58;-3.87;-3.4;-3.41;2.69;-3.21;-8.2;-5.39;-2.73
193012;-4.75;-1.38;-8.36;-12.37;-10.81;-3.94;-13;-7.44;-3.76;-9.01;-7.98
193101;5.28;7.85;3.25;5.07;5;4.64;5.79;7.81;6;11.48;6.06
193102;6.81;17.33;12.88;5.56;22.33;5.91;16.09;8.55;15.39;5.33;10.9
193103;-1.87;-3.9;-6.9;-14.32;-7.71;-3.71;-4.64;1.68;-3.39;-9.68;-6.53
193104;-5.19;-7.91;-14.22;-13.48;-13.01;-4.32;-4.57;-3.77;-10.03;-9.81;-9.93
193105;-11;-16.2;-16.42;-12.6;-12.98;-9.03;-4.25;-10.06;-10.87;-17.72;-13.38
193106;10.85;14.51;17.32;17.46;18.46;10.12;6.93;9.5;12.04;16.32;13.72
193107;-3.65;-2.08;-10.32;-3.38;-10.28;-4.94;-1.12;3.12;-5.27;-9.95;-6.56
193108;-0.67;-2.77;-0.16;8.89;3.75;0.79;2.14;0;-2.02;-4.14;0.2
193109;-24.51;-34.81;-29.83;-26.01;-33.86;-21.59;-28.66;-29.98;-32.99;-26.28;-29.04
193110;6.67;12.81;6.09;13.17;11.26;4.26;12.51;10.96;10.34;1.16;7.82
193111;-4.49;-3.65;-8.46;-10.23;-14.31;-7;-7.65;-2.62;-4.83;-18.78;-9.05
193112;-9.83;-8.89;-15.51;-17.7;-13.46;-8.05;-13.7;-4.23;-13.41;-16.54;-13.46
193201;1.81;-7.12;-0.76;-4.53;-11.78;-4.27;0.02;-3.23;-2.75;6.58;-1.31
193202;5.08;1.95;5.86;7.58;6;11.4;2.99;2.57;6.74;-0.55;5.37
193203;-5.98;-22.38;-14.44;-0.76;-14.54;-10.06;-8.47;-7.03;-9.67;-16.07;-11.03
193204;-11.39;-29.53;-23.19;-12.31;-24.23;-12.49;-14.76;-20.02;-15.7;-22.39;-18.03
193205;-21.32;-18.62;-18.1;-7.61;-28.76;-10.86;-30.21;-34.8;-26.89;-30.06;-20.81
193206;1.48;-7.93;-2.69;5.25;7.08;-9.57;-2.64;10.41;1.52;-2.09;-0.51
193207;24.06;44.83;41.69;33.47;44.06;16.64;27.38;29.92;29.15;55.49;33.72
193208;22.25;45.13;46.26;17.2;45.31;28.13;34.54;37.43;43.13;58.71;36.57
193209;-0.66;8.4;-2.58;-10.99;-5.63;0.22;0.42;-12.89;-4.64;-4.08;-3.12
193210;-11.28;-24.72;-15.85;-3.62;-18.99;-8.14;-11.39;-19.44;-10.9;-17.92;-13.14
193211;-7.12;-2.72;-10.39;-2.82;-8.25;-1.14;-5.18;6.3;-3.4;-6.98;-5.59
193212;3.43;4.4;3.32;0.15;7.63;3.66;6.8;8.1;9.1;4.9;4.57
193301;4.84;0.81;3.29;-2.38;1.46;0.29;-2.54;-1.31;-4.47;8.78;0.97
193302;-8.84;-24.33;-17.39;-12.98;-20.05;-7.75;-15.83;-10.09;-19.66;-16.32;-14.98
193303;10.42;9.06;11.21;3.92;6.15;-5.87;7.71;-3.98;-12.72;3.96;3.36
193304;34.31;79.61;57.3;32.47;53.33;13.09;36.95;38.56;24.66;30.07;38.27
193305;12.68;25.97;25.92;17.26;19.49;17.33;16.24;24.83;19.22;31.31;21.15
193306;10.68;20.82;12.42;12.48;10.74;10.46;16.32;10.83;15.58;14.33;13.42
193307;-6.63;-6.96;-11.35;-11.58;-10.95;-4.37;-13.67;-19.45;-13.56;-6.61;-9.63
193308;9.87;20.77;16.2;18.35;12.73;4.47;7.28;-0.32;-1.33;14.56;12.1
193309;-7.61;-15.3;-10.01;-2.16;-17.17;-3.57;-8.71;-2.72;-19.84;-16.49;-10.49
193310;-8.74;-10.01;-7.95;-4.84;-9.69;-7.19;-8.61;-5.92;-7.76;-10.85;-8.33
193311;4.87;25.33;12.76;14.26;12.64;5.59;13.93;9.37;-2.7;5.34;9.97
193312;-3.41;10.33;4.62;-1.12;1.41;-3.77;6.17;-11.22;1.46;4.88;1.98
193401;10.43;13.08;10.92;9.24;15.79;5.91;21.12;16.22;20.53;18.53;12.93
193402;-4.74;-2.09;-3.05;-3.09;-6.44;2.12;2.66;-3.43;-1.83;-1.9;-2.35
193403;0.93;-0.36;-1.28;-1.58;3.22;1.25;3.34;-0.77;-1.82;0.74;0.46
193404;3.16;-6.81;-2.76;-2.19;-2.27;-1.26;-0.5;8.32;-3.85;-1.54;-1.8
193405;-2.78;-12.76;-10.02;-4.05;-6.59;-4.31;-7.27;-0.32;-7.85;-7.28;-7.11
193406;3.84;-2.67;4.31;1.16;2.59;1.31;2.16;2.06;4.39;3.14;2.51
193407;-5.15;-13.73;-11.45;-10.12;-11.85;-4.34;-7.33;-1.86;-17.46;-17.19;-10.83
193408;4.33;10.83;7.54;6.92;6.5;2.54;6.36;-3.04;1.9;4.32;5.95
193409;0.12;0.68;-1.15;-1.99;-0.3;1.89;1.06;0.63;1.66;-0.36;-0.3
193410;0.58;-2.09;-0.37;-5.19;-1;-1.59;1.22;-0.95;-7.8;-2.12;-1.94
193411;8.44;17.66;12.6;7.51;13.45;-1.74;10.41;3.82;-0.23;5.7;8.4
193412;-0.85;3.48;2.24;0.68;3.69;-0.6;-1.17;0.62;-8.73;-0.12;0.38
193501;-1.41;-9.02;-2.4;-4.18;1.21;-0.46;-4.37;-0.93;-3.07;-6.68;-3.29
193502;1.65;-3.3;-1.74;-2.95;0.15;1.02;-1.33;4.38;-12.06;-4.55;-1.88
193503;-4.61;-5.85;-4.8;-3.73;-4.15;-0.71;-5;-3.25;12.22;-5.44;-3.71
193504;5.65;5.67;8.93;14.77;10.18;9.13;6.21;3.56;10.91;8.77;8.91
193505;1.1;3.01;1.83;3.67;2.75;8.37;3.35;-4.32;13.66;3.74;3.47
193506;5.5;9.64;6.5;1.31;8.19;5.35;3.9;4.05;9.09;6.27;5.52
193507;3.07;19.02;10.7;0.47;9.59;5.73;6.55;3.89;9.4;7.3;7.35
193508;-1.65;8.94;3.13;-2.06;3.23;4.05;3.61;0.11;7.19;3.28;2.6
193509;1.57;10.98;4.2;-3.22;7.66;4.28;-0.22;1.32;-1.66;0.56;2.58
193510;4.6;13.62;5.83;13.17;8.73;3.08;4.36;6.1;14.59;2.35;7.12
193511;1.08;3.52;4.39;2.59;5.8;9.69;2.69;1.67;0.8;13.21;5.17
193512;1.99;5.73;3.63;14.33;3.37;-0.17;-0.88;2.52;5.6;4.25;4.6
193601;3.16;3.87;5.52;12.93;6.44;4.16;-3.96;3.65;12.63;11.99;6.6
193602;0.65;3.65;5.73;1.25;0.27;6.55;0.49;3.18;-6.42;2.92;2.56
193603;-2.1;10.18;2.46;1.68;-0.02;-3.38;2.05;3.76;0.68;-2.97;0.92
193604;-4.45;-10.15;-8.95;-9.1;-8.74;-5.67;-4.19;-9.1;-8.37;-7.29;-8.07
193605;4.9;4.03;6.28;-0.49;5.32;6.43;3.56;4.85;9.58;7.51;5.01
193606;2.25;6.84;1.18;1.61;1.4;2.39;6.8;1.33;3.66;1.75;2.57
193607;3.02;4.87;7.61;4.74;12.14;2.43;4.49;4.91;11.79;9.54;6.45
193608;0.74;-0.33;1.61;-0.69;2.51;1.74;2.34;-1.49;-1.1;1.78;1.06
193609;-0.74;3.24;2.06;1.36;-1.3;0.34;6.17;0.72;-2.21;0.91;1.42
193610;3.29;5.1;7.66;12.51;5.68;5.06;9.37;3.73;5.74;8.11;6.89
193611;4.33;-1.43;5.5;1.48;5.45;3.86;10.99;3.35;-3.16;0.45;3.32
193612;-1.18;-7.17;1.82;9.24;2.59;-0.39;-8.54;-2.02;-1.73;-1.21;0.21
193701;2.41;7.28;4.59;2.4;8.68;-0.86;0.59;3.3;2.23;1.04;3.24
193702;0.97;-0.46;2.63;1.32;-1.41;-3.07;2.42;-3.92;-4.25;4.67;1.28
193703;-0.92;-4.13;1.4;3.47;-4.49;-2.1;-3.59;-5.03;-6.34;2.62;-0.36
193704;-6.41;-7.99;-9.12;-5.28;-7.61;-5.26;-6.14;-3.37;-7.34;-6.74;-7.45
193705;-0.46;-2.05;0.96;-0.27;0.6;1.46;-6.58;1.64;-5.33;-3.43;-0.92
193706;-3.3;-10.77;-3.68;-2.67;-1.4;1.37;-1.83;-4.07;-5.3;-8.97;-4.19
193707;4.94;13.11;9.26;8.02;9.49;3.24;9.97;4.1;19.28;8.66;8.86
193708;-2.47;-2.25;-4.44;-6.48;-4.82;-2.56;-5.13;1.1;-10.28;-8.43;-4.88
193709;-9.36;-12.67;-17.49;-12.98;-14.04;-2.12;-12.89;-10.81;-11.74;-15.9;-13.58
193710;-7.03;-12.91;-13.85;-6.88;-7.25;-5.38;-6.11;-3.6;-4.96;-10.18;-9.49
193711;-5.91;-15.17;-9.31;-11.3;-4.39;-3.61;-14.75;-5.16;2.9;-6.8;-8.39
193712;-2.25;-16.24;-2.27;-1.19;-2.17;-1.53;-6.32;-2.07;-10.56;-6.61;-4.01
193801;2.84;10.98;-1.34;0.46;-2.55;-2.44;6.98;3.52;-5.65;0.5;0.76
193802;3.59;3.51;8.52;9.15;4.2;-2.33;8.43;8.69;3.6;4.87;5.79
193803;-15.82;-27.27;-25.64;-24.55;-27.69;-17.42;-20.57;-14.36;-19.45;-29.73;-23.7
193804;12.5;14.87;13.74;14.46;16.75;13.46;15.52;11.72;14.63;14.45;14.55
193805;-0.28;-6.95;-6.86;-5.7;-3;0.83;-3.96;1.71;2.36;-3.92;-3.92
193806;13.11;35.91;33.02;21.52;27.33;12.41;22.42;9.97;16.83;24.88;23.61
193807;6.61;19.82;6.77;7.15;5.74;1.29;9.36;5.74;0.75;9.93;7.2
193808;-3.99;6.1;-1.88;-8.65;-1.11;0.29;-2.86;0.37;-5.52;-3.82;-2.72
193809;0.51;0.71;1.67;0.83;1.68;0.83;-0.64;-0.05;1.21;-1.3;0.84
193810;5.13;6.47;10.47;-1.57;10.03;3.55;7.69;5.51;21.08;11.27;7.77
193811;-2.46;-1.1;-1.43;0;-4.42;0.72;-0.65;1.52;-6.94;-1.94;-1.77
193812;2.8;2.11;5.53;4.57;3.12;2.57;0.18;0.86;3.98;6.4;4.06
193901;-1.87;-8.35;-9.24;-6.24;-7.48;1.82;-2.72;-0.92;1.3;-8.73;-5.95
193902;2.52;7.06;2.97;-1.18;2.79;3.52;5.51;3.72;8.74;4.73;3.48
193903;-5.8;-17.59;-15.35;-8.3;-15.03;-2.19;-9.01;-4.35;-13.52;-15.14;-11.91
193904;0.61;0.68;-1.38;-1.05;-2.68;2.75;-0.27;0.97;2.91;-1.85;-0.23
193905;5.5;7.9;7.54;2.57;8.26;5.55;10.85;5.47;6.45;8.06;6.86
193906;-2.11;-6.73;-6.29;-6.1;-8.03;-3.8;-2.66;1.18;-3.54;-7.71;-5.29
193907;6.21;17.51;12.82;3.09;14.09;6.5;9;3.05;12.64;11.55;10.18
193908;-7.3;-6.9;-6.66;-3.81;-7.99;-4.17;-6.58;-5.37;-6.05;-9.92;-6.6
193909;4.8;23.6;26.85;26.07;12.34;2.34;0.02;7.02;3.59;25.75;15.95
193910;3.24;-1.36;-2.67;-3.85;-0.97;3.06;6.17;0.19;2.16;-1.63;-0.38
193911;-0.5;-2.87;-5.88;-6.45;-2.58;0.98;-2.63;1.22;-1.43;-4.99;-3.68
193912;3.17;3.85;3.95;-0.05;3.73;2.87;4.11;3.8;2.96;2.33;3.03
194001;1.69;-3.89;-4.61;-2.08;-4.27;-0.11;-0.98;-1.82;-0.02;-2.66;-2.4
194002;0.91;2.06;2.72;0.89;-0.64;1.04;1.15;1.5;-1.24;0.85;1.37
194003;1.59;3.77;1.53;1.6;3.12;1.16;3.57;1.89;1.7;2.64;1.89
194004;1.81;-0.54;0.78;0.07;-1.4;0.33;0.38;-0.31;-1.36;-0.81;0.12
194005;-20.83;-26.02;-22.14;-24.14;-20.72;-14.11;-23.43;-21.23;-19.84;-23.85;-22.01
194006;5.31;8.68;4.31;5.32;3.03;8.72;8.11;4.94;17.42;8.55;6.67
194007;-0.08;5.9;4.27;3.2;4.99;1.96;4.71;-0.54;0.1;3.41;3.21
194008;1.33;7.39;2.49;1.37;3.28;-0.35;2.46;-2.28;-1.01;2.89;2.41
194009;2.52;3.16;4.17;-2.11;4.15;1.66;3.03;4.65;-2.16;2.49;2.3
194010;-1.51;3.93;3.99;6.21;2.42;1.61;0.39;-3.05;3.93;5.21;2.97
194011;-0.91;-0.6;-1.5;0.78;-2.75;0.61;-1.8;-1.83;-13.06;-0.16;-1.64
194012;0.58;-3.32;1.19;2.48;-0.08;2.05;0.54;-0.22;1.75;0.26;0.68
194101;-0.45;-9.21;-7;-2.11;-2.58;-2.09;-3.36;-2.2;-2.09;-1.57;-4.04
194102;-2.49;1.33;-2.04;-0.68;-0.37;-2.22;-3.99;-4.71;-1.15;-0.31;-1.47
194103;0.62;-1.75;0.8;3.33;0.32;1.76;1.36;1.75;-3.27;1.89;0.95
194104;-4.13;-10.61;-5.7;1.48;-8.87;-6.34;-4.26;-5.26;-9.5;-4.39;-5.3
194105;-1.32;0.43;3.71;5.49;-0.44;0.4;2.73;-1.48;-4.58;-0.93;1.39
194106;6.22;3.9;6.49;5.34;10.75;5.04;5.3;6.76;4.06;4.52;5.87
194107;5.56;3.81;7.02;11.23;1.7;-0.42;4.96;7.98;5.29;7.34;5.92
194108;0.8;2.44;-0.66;-3.26;0.78;1.05;2.69;0.06;-2.17;0.11;-0.06
194109;1.86;4.21;-2.92;-0.91;-0.79;0.24;0.24;-0.22;-2.69;-2.59;-0.76
194110;-7.02;-8.01;-6.39;2.62;-10.26;-2.72;-4.95;-3.7;-9.56;-4.11;-5.18
194111;-3.06;-3.61;-1.39;3.16;-2.1;-4.03;-3.32;-2.94;-6.56;-1.64;-1.94
194112;-4.08;-11.8;0.86;-11.01;0.66;-8.6;-8.59;-1.5;-7.45;-5.51;-4.68
194201;2.41;6.15;-2.3;-1.56;0.93;-1.39;-0.93;-3.15;3.91;9.41;0.7
194202;-5.56;5.2;-2.47;-5.76;-2.52;-0.59;-2.22;-5.42;-2.46;-1.93;-2.42
194203;-8.3;1.39;-5.61;-7.96;-6.36;-6.93;-8.25;-5.66;-12.13;-9.02;-6.58
194204;-4.04;-4.38;-4.54;-3.44;-3.58;-7.33;-5.3;-4.48;-3.33;-2.01;-4.32
194205;8.77;10.01;1.73;6.62;7.83;7.69;11.7;14.77;8.49;3.42;6.08
194206;3.59;1.75;3.54;4.28;4.49;-2.25;2.3;2.83;1.75;1.91;2.53
194207;2.34;1.97;2.72;5.89;1.81;4.42;4.25;1.48;-0.51;6.55;3.46
194208;0.84;2.28;1.27;3.37;0.69;2.31;2.41;2.19;0.76;2.38;1.84
194209;-0.14;2.53;3.2;2.49;5.16;2.04;-0.14;0.22;5.8;3.28;2.6
194210;4.35;5.75;6.65;9.42;6.19;6.1;0.68;4.02;14.97;8.6;6.74
194211;2.73;-0.11;-2.31;0.95;1.98;2.68;6.41;1.54;-1.15;-1.99;0.22
194212;4.59;8.17;5.24;7.44;6.01;0.32;2.23;8.77;4.25;4.27;5.01
194301;9.04;5.15;6.86;6.27;9.87;3.7;7.42;2.22;14.62;7.18;7.3
194302;3.52;7.42;5.12;7.81;3.37;8.72;3.1;3.76;7.77;9.49;5.96
194303;4.32;4.92;5.87;7.38;7.42;0.57;8.81;4.37;4.59;9.9;6.18
194304;0.87;0.52;-1.52;0.7;1.17;4.1;1.73;1.22;4;2.19;0.66
194305;6.52;6.4;5.31;5.88;6.18;4.5;7.35;4.99;4.34;5.49;5.69
194306;1.96;4.8;0.84;1.1;2.32;2.46;4.48;0.45;4.23;-0.83;1.66
194307;-1.74;-9.65;-6.73;-2.99;-7.35;-0.13;-2.38;-3.11;-0.44;-5.12;-4.65
194308;0.91;3.42;0.63;0.98;0.38;0.79;3.12;0.26;1.15;1.34;1.23
194309;2.17;1.7;2.65;1.36;5.21;1.46;2.75;3.91;3.74;2.19;2.42
194310;-0.25;-1.14;-0.88;-2.06;-3.41;0.68;-3.33;0.47;0.54;-1.13;-1.25
194311;-4.48;-5.25;-6.34;-6.81;-6.48;-1.77;-4.22;-4.01;-8.3;-7.88;-5.88
194312;5.97;7.76;5.78;7.5;8;3.15;5.98;3.73;7.33;7.14;6.33
194401;3.91;0.93;1.88;0.57;0.48;0.86;1.6;0.3;-0.32;4.43;1.78
194402;-0.57;3.71;-0.41;0.05;-2.13;0.83;1.27;-2.63;1.53;2.05;0.34
194403;2.81;4.77;2.21;1.85;3.73;0.68;2.05;2.46;1.69;2.64;2.42
194404;-1.95;-1.18;-2.03;-1.39;-1.97;-0.6;-1.36;-2.36;-0.95;-2.41;-1.66
194405;5.27;7.81;5.48;4.97;3.58;2.77;5.49;5.62;2.74;4.26;5.07
194406;5.43;9.12;7;0.49;7.4;3.22;6.13;3.86;4.91;5.83;5.59
194407;-0.41;-4.94;-1.98;-1.24;-1.87;-0.4;-0.27;-1.35;0.27;-0.85;-1.55
194408;2.45;3.91;2.14;-1.98;1.86;0.62;3.74;0.81;3.55;0.37;1.56
194409;-0.18;0.58;0.49;-1.39;-0.65;0.23;1.27;0.34;-1.51;0.11;0
194410;0.02;-2.77;-0.37;1.84;0.85;0.74;0.44;1.16;1.46;0.66;0.22
194411;1.18;2.19;0.82;2.58;1.51;0.66;2.53;0.36;-0.32;4.3;1.62
194412;2.02;3.97;4.15;5.1;4.63;0.71;2.93;1.63;3.06;8.39;4.1
194501;2.54;1.23;2.76;4.86;0.54;-2.06;-1;0.36;5.71;0.57;1.89
194502;3.92;7.58;6.83;7.27;6.62;2.85;4.7;4.37;6.11;7.84;6.41
194503;-3.01;-6.05;-4.76;-5.25;-3.82;-0.17;-1.31;-1.87;-3.1;-3.6;-3.89
194504;7.03;11.03;8.35;6.87;8.04;2.49;6.65;6.38;9.92;8.84;7.72
194505;2.44;0.75;0.75;-0.87;1.76;3.7;6.24;4.1;1.92;2.96;1.83
194506;0.67;-1.63;-0.24;-0.51;-1.92;2.57;-3.54;-4.69;4.83;4.33;0.32
194507;-1.42;-0.97;-2.98;-3.3;-1.74;2.16;-0.91;-1.65;-0.47;-5.38;-2.23
194508;7.6;9.39;8.72;2.18;9.64;1.66;8.25;9.27;1.14;2.44;6.08
194509;6.2;2.76;6.11;1.88;3.32;1.96;5.69;6.54;6.48;6.03;4.78
194510;6.63;0.06;2.31;6.3;0.71;2.31;6.26;6.36;5.9;5.69;3.87
194511;3.6;2.6;4.86;8.34;2.59;3.37;6.33;8.6;4.94;8.99;5.43
194512;1.1;2.5;1.51;-0.26;2.55;0.45;2.18;1.24;-0.94;0.08;1.15
194601;5.24;6.56;7.92;-0.11;6.48;1.91;10.47;7.58;10.57;7.52;6.3
194602;-4.87;-8.92;-6.09;-4.73;-7.45;-2.88;-4.04;-4.17;-5.52;-6.26;-5.81
194603;6.34;0.97;5.72;11.01;1.94;1.25;11.68;14.68;6.43;4.6;5.84
194604;3.59;1.44;4.27;8.72;1.44;1.54;7.85;14.88;4.22;1.53;4.26
194605;3.4;5.03;4.85;3.59;5.05;2.77;2.17;5.55;2.91;3.55;3.96
194606;-3.67;-5.95;-3.57;-3.19;-5.32;0.39;-7.88;-5.53;-2.85;-3.33;-3.94
194607;-0.81;-4.78;-3.23;-0.06;-3.46;-0.09;-2.42;-3.16;-3.5;-5.02;-2.58
194608;-5.27;-10.36;-6.67;-5.64;-6.85;-6.95;-4.91;-3.25;-5.54;-6.67;-6.43
194609;-10.38;-14.79;-10.35;-8.03;-9.84;-4.84;-6.61;-7.05;-8.76;-14.35;-10.05
194610;0.46;-3.37;-1.85;-0.7;-2.88;-5.16;-2.67;-0.31;1.5;-0.23;-1.45
194611;-1.11;-1.15;1.77;0.53;-2.29;1.78;-4.67;1.61;0.71;0.34;0.09
194612;3.81;6.14;6.61;4.31;4.82;3.69;4.9;7.37;6.03;2.75;5.06
194701;0.4;10.74;0.85;-0.68;5.37;0.94;3.05;-5.38;-0.4;0.47;1.48
194702;0.91;1.54;-0.7;-2.72;-2.06;-2.11;-1.29;-4.24;-0.72;-1.52;-1.19
194703;-2.02;-2.67;-1.6;2.3;-2.38;-2.24;-2.45;-1.31;-2.67;-3.46;-1.74
194704;-6.53;-4.1;-5.68;-0.4;-5.13;-0.29;-7.72;-8.49;-3.76;-6.35;-4.82
194705;-0.35;-2.09;-2.06;2.48;-0.42;-1.1;-1.12;-2.64;-2.36;-1.82;-1.03
194706;6.43;5.88;5.75;7.76;3.81;-3.25;9.69;4.2;3.89;3.25;5.33
194707;4.62;5.14;3.85;3.84;6.31;0.78;4.42;2.57;2.51;5.93;4.09
194708;-1.41;-0.77;-1.04;-2.33;-4.24;0.33;-3.55;-3.86;0.21;-3.2;-1.78
194709;0.33;0.08;0.64;-2.76;1.09;0.78;-2.22;-2.68;-1.38;-1.03;-0.5
194710;1.3;2.89;3.17;5.18;1.67;0.15;2.65;1.16;0.09;0.98;2.41
194711;-1.75;-2.73;-1.25;-0.4;-0.61;-2.63;-1.92;-3.1;-7.5;-2.03;-1.88
194712;0.61;2.17;2.52;9.21;2.4;0.36;0.03;3.02;1.1;3.61;2.94
194801;-2.76;-5.41;-4.14;-7.5;-5.59;0.04;-2.65;-8.3;-0.29;-0.94;-3.8
194802;-6.18;-5.48;-5.39;-3.03;-4.02;-1.13;-3.97;-3.6;-3.56;-4.16;-4.41
194803;5.37;7.16;9.52;9.84;11.02;1.87;7;6.24;6.52;9.79;8.19
194804;1.23;1.08;2.43;11.13;-0.68;2.57;4.32;2.06;1.42;3.16;3.7
194805;5;14.34;7.78;6;12.68;2.41;8.76;6.7;5.66;6.68;7.38
194806;-2.08;0.24;-1.07;3.4;-1.51;0.34;-1.1;-2.28;2.49;-0.89;-0.11
194807;-1.75;-4.45;-5.07;-7.26;-6.68;-1.73;-7.58;-4.33;-4.41;-5.05;-5.12
194808;-0.07;1.04;0.32;-2.1;2.98;-0.03;2.18;-1.99;0;1.44;0.3
194809;-3.99;-3.92;-2.69;-4.5;-3.2;-0.27;-0.97;-3.12;-0.94;-3.46;-2.99
194810;3.6;7.91;6.64;9.16;6.81;1.07;4.12;5.15;4.36;4.92;5.97
194811;-6.21;-11.9;-10.17;-12.22;-9.29;-2.1;-4.54;-5.78;-9.13;-10.62;-9.1
194812;0.64;3.41;3.98;4.68;6.27;1.04;1.37;4.5;2.63;2.83;3.18
194901;3.57;2.36;0.21;-3.93;-1.43;-1.36;0.91;4.47;4.67;0.21;0.2
194902;-2.02;-3.77;-3.52;-4.39;-4.3;-0.39;-3.19;-1.02;0.58;-3.26;-3.04
194903;3.1;3.31;3.47;5.96;5.72;1.26;4.16;5.4;3.66;4.79;4.05
194904;-1.71;-4.31;-3.6;1.2;-3.8;-1.73;-1.72;0.15;1.13;-1.63;-1.87
194905;-0.52;-2.93;-3.4;-5.73;-5.4;-2.28;1.01;-1.98;-0.67;-2.77;-2.84
194906;0.91;1.2;0.13;-1.28;0.01;1.03;3.47;2.06;-1.02;-1.47;0.21
194907;4.85;9.33;5.84;6.15;6.81;2.32;4.59;5.91;4.57;4.1;5.49
194908;3.88;2.23;2.08;5.4;0.66;0.89;1.22;0.1;3.58;1.36;2.57
194909;2.74;2.55;3.84;2.94;3.56;1.14;2.07;1.77;3.96;3.31;3.09
194910;1.44;7.26;4.24;3.62;3.65;1.79;0.29;3.29;0.36;2.35;2.97
194911;1.76;4.68;3.17;-2.85;3.82;1.59;2.3;4.73;3.08;1.13;1.8
194912;5.04;8.18;6.39;1;9.08;1.5;4.55;8.61;3.2;7.08;5.12
195001;1.28;1.79;1.89;-0.73;4.44;1.77;-0.08;0.97;3.6;3.03;1.63
195002;0.44;3.41;1.86;-0.62;3.31;0.57;1.37;1.83;2.29;0.95;1.37
195003;-0.66;1.76;0.71;4.75;2.32;4.47;-0.77;-3;0.5;-0.78;1.12
195004;0.05;10.47;7.35;3.14;4.64;2.28;-0.37;5.43;0.86;1.41;3.94
195005;1.97;6.35;5.89;8.7;0.13;1.87;2.49;3.86;1.76;1.26;4.27
195006;-5.79;-4.13;-6.64;-4.62;-8.06;-4.38;-4.61;-4.29;-7.73;-6.9;-5.89
195007;0.34;-2.97;2.12;8.49;-3.02;-1.42;-0.86;-7.04;-5.33;7.39;1.51
195008;3.84;9.18;6.24;4.24;5.16;2.46;4.09;3.58;3.29;2.2;4.97
195009;4.78;8.74;4.41;3.52;4.91;-0.56;7.48;6.05;4.41;6.42;4.78
195010;-0.5;0.56;0.28;0.08;-1.61;0.09;0.68;-1.88;-0.86;-1.64;-0.23
195011;-0.09;-2.67;5.82;5.15;2.53;-0.35;0.5;4.57;-1.29;3.83;2.74
195012;2.72;1.42;6.49;8.52;3.77;1.77;2.85;5.95;3.48;10.92;5.66
195101;4.49;9.23;5.99;6.31;7.6;1.75;2.97;2.97;4.91;6.26;5.69
195102;0.86;2.62;1.14;0.87;0.82;4.01;3.37;1.36;3.01;-0.51;1.34
195103;-2.88;1.13;-3.16;-2.44;-1.02;-1.21;-1.9;1.59;-1.5;-2.95;-2.2
195104;0.82;3.28;6.74;10.52;3.04;0.72;-0.08;10.28;0.09;3.61;4.83
195105;-1.39;-5.43;-2.2;-3.2;-2.89;-0.53;-1.76;1.45;-0.17;-3.38;-2.38
195106;-3.7;-6.82;-3.95;0.94;-1.72;-0.3;-2.46;0.71;-0.53;-5.23;-2.65
195107;2.91;2.98;8.29;11.1;5.82;2.69;2.38;14.17;5.18;7.8;6.99
195108;3.16;6.83;4.7;5.28;6.4;2.52;2.92;-1.38;2.01;3.61;4.38
195109;-0.53;2.48;0.21;-0.59;3.27;-0.2;2.93;-1.91;1.2;3.15;0.8
195110;-3.3;-2.27;-4.37;1.14;-6.01;-1.28;-3.29;-6.1;0.55;-3.76;-2.4
195111;0.01;1.84;0.32;-1.09;2.23;0.38;1.22;-0.68;1.55;2.04;0.48
195112;1.78;2.39;4.17;4.19;5.04;0.76;-0.13;4.91;3.15;1.85;3.37
195201;0.36;-1.21;-0.39;6.35;-1.67;-0.00999999999999998;-0.58;0.71;2.93;2.06;1.54
195202;-2.2;0.23;-3.8;-3.53;-3.71;-0.78;-3.66;-4.7;0.59;-1.42;-2.62
195203;1.67;8.18;2.78;8.39;5.01;1.14;2.17;0.47;2.12;5.51;4.45
195204;-3.53;-3.06;-6.8;-7.76;-3.72;-0.83;-1.83;-5.55;-1.92;-3.21;-5.01
195205;1.79;3.83;3.96;3.21;2.62;0.88;2.49;2.66;2.86;3.27;3.16
195206;2.67;4.99;4.15;4.98;5.48;1.95;2.82;-1.35;0.95;4.76;3.78
195207;0.58;2.25;2.02;-1.05;1.37;0.05;1.6;-5.02;2.04;0.86;1
195208;0.71;1.91;-1.67;-2.81;-0.69;0.71;-0.41;-0.65;1.76;0.26;-0.81
195209;-2.7;-0.86;-2.16;-4.47;1.28;-0.53;-0.85;-4.46;0.23;-0.88;-2.06
195210;-1.19;0.97;-1.77;0.25;-1.4;0.85;-1.23;-1.61;0.37;-2.02;-0.69
195211;5.34;6.36;8.42;1.88;8.39;3.9;3.99;7.15;5.06;6.42;5.78
195212;1.27;6.73;2.42;4.32;2.76;0.72;1.4;-2.12;1.64;3.73;2.96
195301;1.76;-0.43;0.74;-3.12;-1.41;0.77;0.53;-5.28;0.76;0.61;-0.29
195302;2.38;-1.27;-0.97;0.16;1.29;-0.56;-0.27;1.95;0.27;0.02;-0.31
195303;-1.91;-4.55;-1.76;-0.67;-0.63;-0.65;-1.03;-0.34;-0.13;-1.86;-1.52
195304;-0.47;-2.17;-2.85;-5.25;-1.73;-1.2;-0.95;-5.51;-3.35;-3.22;-2.91
195305;1.24;-0.16;0.13;1.52;1.48;0.18;1.36;-0.2;-0.2;0.97;0.54
195306;-1.63;-3.48;-2.46;-0.16;-2.17;0.38;-2.49;-3.47;-2.94;-2.05;-1.85
195307;2.93;0.58;2.33;3.69;1.79;0.73;1.95;3.51;3.23;0.74;2.38
195308;-4.24;-6.54;-5.07;-6.44;-5.36;-0.91;-2.51;-0.12;-0.48;-6.65;-4.58
195309;0.04;-1.03;0.96;-2.28;3.67;1.7;-0.08;0.27;1.46;-1.16;0.15
195310;0.85;7.55;5.86;5.5;6.52;1.18;0.55;2.53;4.35;3.08;4.58
195311;-0.02;0.43;3.9;1.93;4.76;2.24;3;7.9;2.95;2.41;2.75
195312;-1.06;-1.31;0.5;0.27;0.44;0.38;0.81;-1.47;0.47;-1.84;-0.05
195401;4.33;5.22;4.53;8.65;7.45;1.72;3.35;5.54;3.19;5.98;5.14
195402;-0.33;1.6;0.95;2.77;6.56;2.57;0.45;-0.25;1.48;1.7;1.68
195403;1.19;3.35;4.7;4.28;7.2;1.62;0.33;0.2;2.9;2.17;3.64
195404;1.16;3.86;5.73;5.8;7.91;1.98;1.23;1.11;1.01;2.87;4.19
195405;1.94;4.43;4.1;3.13;-0.47;1.04;2.53;1.56;2.65;4.27;3.11
195406;0.69;1.14;3.52;-5.76;9.12;0.47;2.18;-2.49;1.26;1.73;1.09
195407;6.4;9.72;5.2;4.02;0.02;4.21;4.04;8.16;5.41;6.93;4.99
195408;-2.77;-3.4;-3.73;0.38;-4.42;-1.73;-0.12;-2.62;-1.77;-1.53;-2.3
195409;3.65;14.3;6.12;9.61;6.65;2.53;4.61;2.73;1.89;4.06;6.34
195410;-1.9;-0.86;-1.26;-2.19;-1.56;-0.87;-2.53;-1.69;-3.91;0.17;-1.69
195411;6.05;4.31;13.39;8.13;13.59;3.4;8.31;12.49;5.6;11.75;9.47
195412;3.89;7.19;6.46;6.65;3.43;1.44;2.33;6.05;3.43;9.08;5.52
195501;0.74;0.41;-0.22;0.41;3.6;0.76;1.73;-2.96;1.43;1.05;0.62
195502;1.66;-1.1;4.14;2.06;4.48;3.95;1.09;2.76;3.59;3.2;3.04
195503;-0.28;-0.07;0.2;-0.02;-2;-0.19;-1.58;6;-0.89;-0.08;-0.21
195504;3.83;5.54;4.14;0.57;5.06;1.87;1.64;-0.09;2.48;2.58;3.13
195505;-0.06;-1.25;2.76;-0.67;0.1;1.1;2.53;3;-0.23;1.41;1.05
195506;2.98;9.83;9.2;10.66;3.56;0.39;4.06;0.07;1.57;2.62;6.48
195507;3.04;18.66;-1.49;2.7;-3.28;2.58;1.93;0.04;3.7;-2.25;1.93
195508;-1.12;-4.44;2.91;-1.22;0.61;-2.63;1.42;-0.01;-0.02;-0.06;0.26
195509;-1.35;8.6;-0.65;-0.39;-4.67;0.93;2.78;-3.36;-2.91;-2.36;-0.36
195510;-0.57;-5.1;-3.05;-1.1;-4.87;-1.33;-2.53;0.63;-1.17;-2.86;-2.75
195511;2.24;8.83;7.57;8.35;10.41;1.52;5.22;6.09;3.17;6.45;6.99
195512;0.76;-4.25;2.66;3.53;4.39;0.75;-0.67;6.04;-0.24;0.2;1.46
195601;-1.72;-6.79;-4.84;0.35;-5.17;1.57;-4.31;-6.72;-0.51;-3.54;-3.02
195602;1.16;5.6;4.65;4.17;6;-0.03;2.47;8.06;1.81;3.37;3.76
195603;2.09;3.84;7.67;11.08;9.24;1.19;0.15;7.09;3.69;5.2;6.67
195604;0.87;-5.35;0.81;3.3;-0.46;-1.02;-1.75;2.55;-2.39;0.14;0.32
195605;-3.53;-4.64;-6.11;-6.43;-6.18;-1.33;-4.37;-1.47;-0.97;-5.1;-5.15
195606;0.42;6.37;4.42;2.51;5.55;1.01;2.06;3.38;2.16;1.74;3.52
195607;1.89;4.38;5.7;5.89;4.9;2.49;4.13;2.88;5.02;2.43;4.86
195608;-1.34;0.42;-3.38;-5.46;-3.47;-1.49;-3.93;-3.24;-2.65;-3.06;-3.2
195609;-3.23;-1.07;-6.04;-5.8;-7.2;-2.94;-4.86;-3.87;-4.05;-4;-5.14
195610;0.38;-1.59;0.54;0.32;3.27;-1.68;1.08;0.33;0.91;0.31;0.47
195611;-0.34;-3.74;-1.12;5.23;0.02;1.35;-2.2;-1.51;0.23;-0.1;0.26
195612;1.06;0.64;4.46;3.78;4.16;2.34;-0.52;5.81;1.53;1.99;3.25
195701;1.41;-5.1;-5.69;-4.34;-5.71;2.62;-1.35;-2.53;2.39;-0.18;-3.47
195702;-1.54;-1.9;-3.03;-2.44;-1.28;0.1;-1.12;-0.59;-0.6;-3.14;-2.11
195703;1.15;0.19;1.75;2.89;4.52;1.31;2.35;7.98;1.49;2.2;2.18
195704;0.86;7.05;3.26;6.51;7.69;0.25;-0.01;5.18;2.9;2.46;4.26
195705;0.99;0.38;3.16;7.24;5.4;0.76;2.88;4.52;2.02;1.07;3.4
195706;-0.5;-0.45;-0.09;-1.87;4.48;-2.35;-2.16;6.21;-5.35;-0.65;-0.75
195707;0.37;2.97;0.31;0.73;0.62;-0.57;1.72;2.68;-0.28;0.8;0.59
195708;-2.21;-2.97;-6.55;-5.92;-7.37;-0.3;-2.85;-2.51;-2.84;-5.22;-5.25
195709;-1.61;-7.4;-7.19;-8.1;-6.64;-2.49;-0.13;-3.97;-1.96;-5.97;-6.02
195710;-2.43;-4.65;-5.14;-5.94;-2.99;-2.38;-4.37;-0.74;-0.94;-6.92;-4.4
195711;3.1;-5.96;2.99;2.11;6.25;1.21;1.31;7.49;4.1;-0.05;2.27
195712;0.37;-8.47;-4.94;-7.11;-4.05;1.01;-2.35;-0.62;2.34;-4.14;-3.98
195801;7.27;5.17;5.44;1.32;4.07;3.99;7.85;-0.33;5.96;10.06;4.71
195802;1.85;-1.47;-2.1;-4.72;-2;0.53;1.28;4.8;1.16;-1.04;-1.53
195803;3.96;2.53;1.46;7.88;2.44;1.08;3.8;7.44;1.87;2.6;3.29
195804;3.38;4.21;1.23;5.08;0.01;2.61;2.61;7.44;5.01;3.36;3
195805;2.88;4.6;3.43;0.3;1.59;1.99;3.53;0.96;1.3;3.54;2.35
195806;2.76;2.56;2.32;4.81;3.62;1.6;2.14;3.2;2.13;3.15;2.92
195807;1.6;9.34;8.4;0.65;3.67;0.84;1.91;5.84;1.05;5.05;4.42
195808;3.11;-0.31;2.39;1.94;2.12;2.28;5.64;1.98;-1.08;2.92;1.87
195809;3.78;10.09;4.36;3.03;5.79;5.03;3.92;11.52;3.32;4.14;4.67
195810;2.4;1.7;2.75;1.05;4.7;1.14;1.38;0.84;4.06;3.6;2.57
195811;3.95;1.94;2.97;1.91;4.13;2.05;5.47;7.93;2.86;4.1;2.94
195812;2.88;2.84;4.86;1.01;12.63;13.39;4.99;4.43;5.76;2.67;5.07
195901;4.06;-0.41;0.83;0.28;-1.97;3.63;3.36;-0.83;1.03;1.76;0.71
195902;2.7;-1.52;3.52;-7.5;5.03;4.6;2.68;3.67;1.06;2.01;0.94
195903;0.07;-0.92;-0.51;1.85;2.24;-0.54;-2.26;4.01;1.43;-0.46;0.23
195904;2.53;9.53;3.86;1.45;8.01;4.48;1.49;11.72;-1.32;1.69;3.59
195905;1.2;6.05;3.74;-1.2;4.02;-1.22;2.18;-1.3;-1.29;0.26;1.73
195906;1.28;0.21;0.96;-2.86;-0.92;-1.77;1.41;6.29;-2.48;1.24;-0.19
195907;3.33;7.8;3.56;4.68;0.06;0.18;1.6;4.46;3.61;-0.04;3.17
195908;-0.75;3.07;-2.09;-3.3;-3.14;0.24;0.54;-3.68;1.19;-1.91;-1.43
195909;-3.46;-4.62;-5.3;-7.18;-4.5;-1.3;-2.44;-5.31;-4.62;-4.11;-4.8
195910;3.32;-1.41;1.19;0.83;4.65;0.54;0.35;2.08;0.58;1.16;1.27
195911;0.63;-0.12;2.09;-0.67;8.66;-1.4;1.88;5.32;0.17;-0.48;1.59
195912;0.82;5.57;1.82;3.85;3.05;4.09;2.23;-1.95;1.79;1.35;2.46
196001;-3.35;-11.73;-8.52;-7.68;-9.91;0.19;-6.19;-6.64;-2.41;-5.12;-6.97
196002;2.58;-2.34;0.13;-3.65;5.16;8.77;3.23;-0.00999999999999995;2.49;-0.07;1.13
196003;-2.06;-5.66;-3.9;-1.21;0.97;-0.22;-0.38;1.21;1.44;-2.19;-1.63
196004;1.11;-2.3;-3.94;-4.38;0.44;-1.09;-0.5;1.47;1.18;-0.77;-1.72
196005;5.99;-0.75;3.49;-3.62;9.41;3.22;2.66;13.49;1.26;0.15;3.13
196006;4.02;0.45;1.43;3.23;1.25;-0.6;3.8;-0.39;5.58;3.04;2.06
196007;-1.04;-0.66;-4.44;0.71;-4.42;0.09;-3.13;-4.18;-1.37;-2.26;-2.4
196008;4.32;3.1;1.58;3.87;1.13;7.03;3.06;2.4;4.3;2.94;3.06
196009;-3.6;-5.5;-7.29;-1.28;-8.86;-6.02;-8.4;-8.85;-4.72;-5.73;-6.02
196010;1.46;-1.25;-1.76;2.16;-3.59;-0.17;-0.21;-3.77;-0.54;-1.08;-0.7
196011;8.3;-0.81;4.65;3.33;6.89;4.13;6.35;3.8;3.65;6.2;4.72
196012;4.38;-0.41;3.76;5.07;2.83;12.13;1.9;6.07;6.26;4.68;4.69
196101;5.18;8.33;6.65;9.68;2.74;6.69;2.69;6.23;4.66;6.49;6.2
196102;6.41;4.31;5.03;0.46;2.66;0.05;4.82;5.23;3.53;5.48;3.56
196103;4.49;3.74;1.59;1.33;2.81;6.8;5.61;3.91;1.54;3.35;2.86
196104;-1.47;-1.17;-1.29;4.6;0.31;1.32;0.69;-0.59;1.69;0.59;0.4
196105;3.53;1.59;4.58;0.14;2.58;-1.25;3.66;2.02;2.32;4.06;2.4
196106;-1.47;-2.2;-3.34;-4.11;-3.57;-3.86;0.24;-3.85;-2.02;-4.49;-3.05
196107;2.64;6.78;2.12;2.18;1.58;5.6;2.07;3.16;2.72;2.01;2.81
196108;4.97;1.8;2.01;-0.09;4.39;-1.41;3.3;3.78;3.66;4.06;2.55
196109;-0.12;5.37;-4.6;-6.24;-0.12;-1.37;0.2;-1.71;1.25;-2.98;-2.17
196110;2.98;0.23;-0.51;6.53;3.03;0.4;8.77;3.05;5.12;1.5;2.55
196111;5.55;9.6;2.79;4.53;2.88;8.7;4.86;3.42;3.26;3.9;4.39
196112;-3.17;1.93;-0.05;3.4;-0.83;3.65;-0.48;-2.33;-4.42;-1.83;-0.12
196201;-6.08;-1.05;-3.53;-0.05;-5.23;-6.32;-8.71;-4.51;-2.84;-1.87;-3.86
196202;0.16;-1.71;1.24;4.96;-0.27;4.02;1.38;3.28;2.43;1.19;1.75
196203;-1.35;-1.28;-0.79;-1.89;0.05;-3.12;0.58;0.31;1.79;-2.22;-0.67
196204;-7.02;-4.57;-7.98;-3.68;-11.3;-4.32;-4.84;-11.4;-3.03;-7.48;-6.57
196205;-11.22;-5.36;-8.6;-5.2;-11.57;-8;-9.38;-11.24;-10.72;-8.81;-8.71
196206;-9.05;-6.78;-9.79;-4.81;-11.65;-8.75;-10.36;-12.84;-5.29;-9.36;-8.46
196207;4.73;8.47;5.25;4.57;11.13;7.18;4.07;7.44;7.18;5.42;6.28
196208;0.76;3.57;2.11;1.07;3.22;1.63;3.9;-7.84;2.95;3.65;2.11
196209;-5.85;-3.15;-5.85;-1.97;-9.15;-6.27;-6.66;-4.5;-3.05;-6.17;-5.23
196210;-3.51;1.94;1.15;-0.56;-0.5;2.48;-1.65;2.07;-1.35;-0.43;-0.04
196211;11.97;7.02;12.9;10.23;14.44;6.66;10.9;17.54;7.39;14.19;10.81
196212;1.24;2.64;-1.39;4.56;-0.45;1.1;-0.25;0.45;3.22;0.87;0.96
196301;5.91;6.16;6.01;2.66;5.41;4.01;3.97;5.6;5;5.59;4.93
196302;-3.26;-3.22;-2.76;-1.05;-5.32;-1.17;-0.71;-2.92;-1.71;-1.36;-2.42
196303;2.28;7.28;2.49;6.83;2.39;1.76;1.8;1.02;1.56;2;3.06
196304;2.15;5.21;4.33;5.73;6.09;2.9;5.11;7.41;2.14;4.73;4.49
196305;1.76;7.64;1.84;-0.22;4.03;-0.77;2.21;-0.43;0.78;4.12;1.77
196306;-1.65;-3.04;-2.65;0.88;-5.21;-2.1;-1.67;-1.5;-1.35;-1.86;-2.03
196307;-0.76;-0.47;-1.68;2.18;-1.17;-0.27;-0.88;-0.03;0.58;-1.69;-0.44
196308;4.55;6.24;6.08;3.49;4.63;4.1;5.54;9.34;3.91;5.59;5.02
196309;-1.92;-0.53;-1.17;-3.6;-0.28;2.18;0.09;-4.3;-2.77;-3.78;-1.46
196310;2.55;9.49;2.12;-0.63;7.73;3.97;0.2;3.07;-0.98;0.94;2.48
196311;-1.49;-5.07;0.07;-1.79;-0.8;4.23;-1.73;-1.88;-1.31;-0.53;-0.82
196312;2.4;0;1.64;4.25;2.54;-0.32;-0.28;1.08;2.18;2.43;1.88
196401;0.56;0.99;2.52;4.3;2.64;3.37;2.3;3.27;1.14;0.69;2.28
196402;1.58;1.87;2.35;0.61;1.61;-0.45;1.56;1.19;0.58;5.48;1.46
196403;2.58;0.57;3.62;0.96;2.86;-1.39;1.88;-2.37;-1.07;1.92;1.45
196404;-0.78;1.57;-1.9;3.56;-3.79;0.73;2.59;-1.88;0.75;0.1;0.17
196405;1.22;0.86;1.49;1.81;2.41;-0.89;3.67;0.26;0.56;2.1;1.48
196406;1.31;0.36;0.57;0.33;0.22;5.38;3.47;0.12;1.94;0.81;1.21
196407;1.29;4.93;1.07;2.98;-1.94;-2.39;1.17;4.61;4.67;1.21;1.71
196408;-0.31;0.98;-1.53;-1.83;-2.87;-1.99;-0.08;-4.41;-0.35;-3.33;-1.41
196409;1.47;4.78;4.46;3.01;1.16;-1.41;3.24;2.67;1.62;3.74;2.77
196410;-0.37;-0.02;0.21;2.72;-1.41;-1.35;2.16;2.57;0.61;0.7;0.6
196411;0.31;-1.68;-0.83;2.05;-0.64;-2.84;2.77;1.79;1.05;-2.11;0.02
196412;-0.07;1.32;-1.01;-0.74;-0.38;3.37;-0.28;4.08;0.22;-2.01;0.06
196501;5.74;3.51;5.18;0.2;7.16;-0.62;3.22;7.23;3.69;4.12;3.58
196502;1.43;-0.84;2.4;-3.51;1.74;0.89;1.08;2.17;0.16;2.33;0.39
196503;-1.08;1.15;-1.28;-3.4;-0.75;-2.47;-1.14;-1.37;-0.91;-0.27;-1.33
196504;3.84;6.76;3.8;0.51;4.94;2.26;6.78;2.67;0.35;1.98;3.06
196505;-1.11;-3.75;-0.95;0.56;0.08;2.73;-0.08;-1.49;-1.27;-1.75;-0.75
196506;-5.65;-7.27;-6.68;-2.34;-6.31;-4.13;-6.39;-5.77;-4.03;-7.21;-5.54
196507;1.43;1.9;2.08;1.46;3.42;-0.92;-1.72;3.7;0.75;3.26;1.37
196508;3.75;2.92;3.03;1.25;5.49;0.99;1.9;6.35;0.65;4.96;2.76
196509;0.16;6.72;3.62;3.99;5.16;0.62;-0.99;2.04;1.08;1.71;2.89
196510;2.43;6;4.25;1.13;5.1;-2.51;0.51;2.87;0.8;3.88;2.62
196511;0.89;-4.4;1.21;0.29;2.47;-4.91;1.24;3.15;-1.39;3.66;-0.04
196512;1.11;0.86;2.88;-0.22;-1.74;-1.13;0.98;3.57;-0.76;3.06;1.02
196601;1.94;0.19;2.7;0.73;1.27;-1.94;-4.18;2.16;-3.39;4.89;0.83
196602;-0.79;-1.93;-0.91;-3.95;4.9;0.51;-1.94;-1.81;-4.55;1.91;-1.21
196603;-2.83;-3.46;-2.29;-2.54;-0.97;-5.49;-2.96;-2.04;-0.53;-2.75;-2.47
196604;0.1;-0.18;2.84;2.72;7.35;1.14;3.63;-0.19;0.83;2.34;2.14
196605;-5.51;-8.57;-6.25;-4.19;-6.94;-3.37;-3.61;-5.76;-3.28;-8.18;-5.66
196606;-2.1;-2.42;-1.32;-2.87;-0.23;0.31;-2.75;0.78;-2.16;0.48;-1.41
196607;-1.3;-2.78;-1.88;-0.02;-2.08;-1.77;-2.05;-2.02;-0.54;-2.5;-1.64
196608;-7.72;-7.95;-8.48;-6.89;-5.96;-4.87;-7.2;-8.44;-9.04;-12.33;-7.95
196609;-1.9;-1.36;-3.74;3.57;-2.13;-0.78;-2.24;-1.54;4.02;-1.92;-1.1
196610;3.85;0.17;1.92;8.11;-0.62;8.55;-1.24;4.33;9.44;2.33;3.78
196611;1.91;-3.92;2.4;-1.89;11;-3.06;0.27;6.53;-1.83;7.14;1.35
196612;0.04;-2.98;1.06;-1.13;-0.24;2.5;-4.06;-0.58;1.78;2.14;0.22
196701;9.07;11.65;10.97;3.3;10.17;5.45;11;6.07;2.33;12.1;8.12
196702;2.04;-1.4;0.75;-0.41;5.57;1.32;2.56;1.11;-2.06;-0.45;0.73
196703;4.64;3.93;5.5;3.31;4.95;2.81;3.41;7.42;1.16;4.3;3.95
196704;4.09;10.7;3.39;1.44;7.69;-0.56;9.36;4.08;1.53;1.75;3.84
196705;-2.52;-7.71;-3.69;-2.56;-5.01;-6.44;-5.15;-5.62;-4.49;-1.98;-4.26
196706;2.83;1.26;2.02;2.09;6.26;2.85;3.56;5.16;-1.73;3.95;2.42
196707;5.79;10.55;4.84;6.36;3.47;-7.39;5.59;3.46;1.91;7.87;4.6
196708;-1.55;-0.23;-0.8;-2.1;-1.35;-1.76;0.06;0.38;-1.04;-1.28;-0.94
196709;2.68;4.72;3.16;3.78;7.78;1.22;2.04;2.6;-0.47;1.61;3.11
196710;-2.92;-5.28;-3.73;-1.43;4.5;-3.91;0.61;-5.4;-5.87;-5.11;-3.13
196711;0.26;-1.05;-0.3;0.73;0.9;0.03;0.32;0.97;2.93;-0.4;0.43
196712;3.09;0.57;5.04;2.92;2.13;0.05;3.41;1.19;2.97;5.14;3.04
196801;-0.7;-5.58;-6.47;-0.85;-8.71;2.18;0.64;-7.03;0.03;-2.16;-4.03
196802;-3.31;-2.68;-4.49;-3.19;-4.77;-3.17;-1.26;-4.62;-1.9;-3.36;-3.75
196803;0.24;0.19;-0.09;0.2;3.61;-1.53;2.25;-0.22;-4.47;-1.08;0.13
196804;10.71;11.59;10.28;5.5;12.02;1.9;11.95;11.38;2.58;11.85;8.98
196805;4.95;-0.81;2.77;0.71;3.39;-1.12;3.22;2.88;0.19;5.53;2.25
196806;0.87;-2.05;-0.74;1.75;-2.28;3.3;-0.18;1.79;7.91;2.25;0.72
196807;-4.22;-3.26;-4.32;4.74;-6.07;-0.52;-5.5;-4.62;-0.31;-3.18;-2.68
196808;2.13;0.67;3.04;0.91;0.1;1.21;1.87;0.26;-1.29;2.4;1.38
196809;4.47;6.33;4.32;3.12;2.43;2.92;7.4;0.4;-0.16;8.66;4.02
196810;0.75;4.31;0.65;2.1;-5.49;2.47;0.32;-0.47;0.05;0.98;0.46
196811;4.1;-0.91;5.56;5.16;8.14;5.54;4.62;7.72;8.4;7.22;5.43
196812;-1.52;-4.77;-3.92;-3.06;-5.83;-7.35;-4.43;-1.47;-3.31;-3.84;-3.82
196901;-1.34;-2.41;-0.92;-1.63;-5.18;0.72;-1.51;-0.78;1.88;0.13;-1.2
196902;-7.22;-3.82;-6.25;-4.91;-4.02;-4.06;-4.6;-5.6;-5.66;-8.55;-5.82
196903;0.22;4.54;2.09;6.63;4.96;-0.67;4.67;2.89;-1.75;0.38;2.59
196904;0.28;0.84;0.76;-0.92;3.39;7.58;3.31;4.48;0.79;1.31;1.52
196905;0.82;-0.49;-1.31;3.07;-2.18;0.85;-0.02;1.18;-0.48;-1.71;0.02
196906;-7.62;-6.46;-7.43;-10.28;-0.56;-4.78;-5.96;-5.6;-6.22;-10.84;-7.25
196907;-7.23;-7.56;-5.98;-10.18;-5.94;-5.07;-9;-3.25;-3.53;-9.71;-7.05
196908;3.85;2.52;3.73;6;6.58;1.3;7.58;8.73;-1.78;8.54;4.65
196909;-0.39;-1.11;-2.72;-10.12;-0.4;-4.72;-1.35;1.55;-4.78;-1.23;-2.88
196910;7.78;3.19;6.21;-1.65;5.17;3;6.14;8.37;7.7;7.55;4.96
196911;-3.17;-5.09;-3.73;-5.06;-2.3;1.03;-4.79;-0.24;-5.79;-6.08;-3.74
196912;-2.6;-4.18;-2.07;-3.64;-1.38;-6.43;-3.71;3.63;-1.29;-4.18;-2.61
197001;-4.61;-8.85;-7.96;-12.25;-9.64;-3.55;-6.55;-7.69;-4.84;-9.03;-7.93
197002;3.87;5.24;4.6;4.87;2.34;7.7;4.89;4.91;7.73;8.85;5.05
197003;-1.3;4.47;-0.94;-0.98;-3.15;1.64;-2.29;-5.67;2.33;-2.21;-1.04
197004;-10.63;-9.24;-9.48;-9.54;-14.84;-9.5;-11.78;-10.65;-8.57;-14.11;-11.03
197005;-7.87;-6.69;-8.09;2.22;-10.07;-4.47;-9.95;-8.27;-5.9;-8.51;-6.96
197006;-2.06;-4.3;-5.44;-3.01;-12.34;-9.34;-4.62;-1.11;-5.27;-7.26;-5.69
197007;5.92;9.87;4.52;12.12;1.89;10.23;9.97;1.61;8.19;7.56;6.9
197008;0.92;7.66;4.12;5.97;7.48;1.72;4.62;1.3;4.16;4.3;4.47
197009;5.18;2.21;3.49;2.59;9.61;-1.23;7.44;7.46;-1.11;6.92;4.21
197010;0.28;-2.42;-3.58;2.66;-3.99;-4.37;-2.14;-0.17;-1.23;-6.02;-2.28
197011;4.52;6.58;3.42;4.39;3.63;5.49;6.45;2.5;8.88;3.32;4.58
197012;7.01;5.8;7.55;1.88;4.02;6.91;4.88;4.93;6.7;7.87;5.65
197101;4.49;3.33;5.48;-0.08;5.06;9.29;7.94;4.57;2.58;7.53;4.82
197102;3.44;1.9;0.87;4.51;2.45;-5.76;3.46;1.01;-2.9;2.07;1.36
197103;4.21;3.11;3.81;2.44;7.78;0.35;6.54;3.39;2.06;5.43;4.18
197104;1.89;8.47;3.94;4.09;2.08;0.69;4.67;3.96;-3.81;3.89;3.05
197105;-3.33;-4.69;-2.57;-5.03;-6.4;-5.69;-2.2;-2.41;-3.97;-4.87;-3.93
197106;-0.49;-0.95;0.01;0.69;-2.53;0.87;0.06;1.65;3.92;-1.71;-0.06
197107;-2.5;-5.7;-5.25;-2.68;-8.99;-4.22;-3.96;-2.59;-2.57;-3.93;-4.43
197108;2.64;10.18;5.86;-1.7;5.23;-0.58;5.71;2.7;-2.82;6.63;3.78
197109;-0.42;-0.41;-0.69;-2.09;-1.92;0;0.32;0.28;-1.85;-0.7;-0.87
197110;-4.78;-5.49;-6.39;-4.45;-4.74;-2.58;-3.74;-2.83;1.7;-4.41;-4.44
197111;-0.72;-0.19;-1.37;-0.29;1.41;0.01;-0.16;0.35;-1.58;-0.95;-0.5
197112;10.13;5.75;9.52;8.41;10.89;7.45;9.88;7.39;7.76;7.92;8.76
197201;2.19;3.08;2.95;-0.16;8.12;0.79;-0.08;2.36;-0.61;3.15;2.55
197202;4.37;0.18;4.71;2.36;1.62;0.1;5.53;6.87;-2.77;2.02;2.88
197203;-0.13;4.13;2.21;-5.83;0.82;-0.73;1.85;0.2;-0.4;2.14;0.6
197204;1.6;-0.9;1.67;-0.83;0.45;-1.19;-0.84;0.81;-3.09;1.59;0.26
197205;0.09;-1.54;1.58;3.5;3.41;1.28;1.07;3.41;-0.45;-0.77;1.34
197206;-1.38;-3.22;-2.55;-1.38;-2.83;-2.89;-4.32;2.21;-1.86;-4.86;-2.38
197207;-1.96;-2.27;0.19;-1.5;0.64;0.49;-2.79;2.8;-0.26;-2.96;-0.74
197208;-0.37;3.56;1.99;12.3;2.57;5.03;-0.7;0.74;5.65;3.29;3.31
197209;-2.93;-1.26;-1.55;-0.51;-1.5;4.21;-0.88;-0.79;-0.14;-1.91;-1.11
197210;-0.42;-2.76;0.74;2.84;-3.71;1.82;0.54;1.09;6.38;0.45;0.47
197211;6.52;7.96;3.82;5.75;2.13;6.59;5.68;-0.89;6.02;4.71;4.61
197212;0.18;1.4;0.56;0.63;1.62;1.48;1.36;3.35;-1.92;-1.01;0.75
197301;-5.14;-7.16;-4.16;4.73;1.49;-2.45;-4.72;-1.65;-4.72;-7.87;-3.2
197302;-4.76;-6.45;-2.7;-7.76;-3.44;-5.49;-6.82;-1.11;-2.37;-6.64;-4.86
197303;-1.49;-3.22;-0.66;2.77;-1.69;0.19;-6.23;0.31;-2.62;-0.85;-1.25
197304;-6.73;-5.58;-4.99;-1.45;-7.22;0.3;-8.86;-6;-1.08;-8.23;-5.7
197305;-2.64;-4.89;-1.64;-3.83;-3.1;-1.02;-2.73;0.54;-0.14;-5.44;-2.96
197306;-3.98;-3.03;-0.83;1.11;-0.6;-0.86;-6.23;-0.5;-2.98;-0.72;-1.38
197307;6.86;6.45;6.01;-0.52;4.35;-1.18;10.25;6.24;-3.05;8.72;5.07
197308;-4.03;-4.59;-2.24;-4.58;-4.38;-5.29;-4.93;-7.63;-2.8;-3.1;-3.67
197309;5.17;7.19;3.78;8.91;-3.47;8.04;6.75;0.08;7.24;6.4;4.72
197310;-3;-5.16;-0.34;4.37;3.18;-7;-4.12;1.15;-4.05;-1.32;-0.68
197311;-14.87;-16.72;-14.9;-6.78;-12.05;-4.94;-19.3;-8.33;-12.21;-13.66;-12.64
197312;-2.29;-4.41;0.47;8.31;-4.96;4.64;-1;-5.15;2.79;2.1;0.5
197401;1.76;5.79;-0.12;-8.53;0.62;0.7;6.24;-3.15;3.89;0.54;-0.19
197402;-0.56;-1.57;-0.61;-2.15;-1.18;4.45;0.36;-1.79;-0.32;0.43;-0.35
197403;-2.41;-0.5;-1.24;-3.89;-3.32;-5.01;-3.91;0.66;-4.17;-4.05;-2.9
197404;-4.54;-4.65;-2.8;-6.94;-4.43;-6.04;-2.79;-2.24;-12.96;-7.22;-5.35
197405;-3.57;-0.23;-3.24;-8;-5.04;-1.94;0.38;-0.89;-5.64;-9.06;-4.95
197406;-1.16;-3.27;-1.04;-0.77;-3.57;0.0600000000000001;-3.33;-2.21;-6.78;-5.9;-2.89
197407;-10.91;-12.4;-7.94;-1.39;-9.18;-9.28;-13.58;-14.76;0.13;-7.29;-7.79
197408;-10.88;-7.26;-10.8;-8.93;-5.49;0.19;-13.59;-8.71;-9.25;-11.12;-9.38
197409;-12.95;-13.39;-13.57;-8.66;-17.68;-4.96;-12.72;-16.36;-2.12;-10.26;-11.78
197410;15.12;3.64;15.47;20.75;14.27;11.22;9.68;28.98;12.51;19.52;16.05
197411;-4.38;-5.24;-6.5;-4.49;-5.46;-3.99;-6.21;-1.74;-0.67;-3.29;-4.64
197412;-1.3;-4.57;-5.2;0.23;-6;1.3;-4.23;-4.08;-1.49;-4.99;-3.4
197501;18.25;20.83;14.06;5.49;14.69;10.1;25.29;-1.16;18.19;17.06;13.58
197502;3.68;4.24;7.61;1.81;12.76;4.96;4.45;15.6;0.5;2.45;5.41
197503;6.65;6.21;4.62;-2.54;0.59;-1.22;10.15;0.9;-1.74;3.75;2.61
197504;2.67;3.53;9.18;6.7;5.1;-1.17;2.12;0.28;-2.06;2.86;4.21
197505;4.77;2.11;2.34;12.05;5.42;3.1;3.69;6.05;8.01;5.25;5.07
197506;4.94;9.9;3.08;5.66;1.86;3.72;7.22;0.5;10.39;5.47;4.74
197507;-5.87;-2.54;-6.35;-4.56;-9.87;-4.89;-7.89;-12.51;-5.26;-6.61;-6.52
197508;-3.6;-3.91;-1.25;-1.42;-3.45;-4.2;-0.64;-3.8;-1.78;-5.54;-2.84
197509;-3.05;-3.04;-6.32;-1.7;-1.38;-1.77;-4.03;-7.05;-1.49;-6.68;-4.33
197510;9.99;8.38;5.18;-1.99;7.82;6.55;9.15;10.11;5.95;3.36;5.03
197511;3.68;2.98;2.64;-2.15;4.62;3.65;4.05;4.73;2.7;3.13;2.71
197512;-1.99;-0.85;-1.8;-0.31;-1.73;-0.33;-3.47;-6.83;0.85;-0.69;-1.58
197601;10.53;15.05;16.3;7.86;17.83;9.04;8.71;7.3;7.9;12.4;12.13
197602;-1.42;3.46;1.46;-3.59;0.86;2.99;4.25;-6.82;-3.84;2.63;0.39
197603;0.32;3.2;0.72;7.01;2.58;0.17;3.2;6.11;1;1.68;2.28
197604;-2.13;1.53;-1.88;1.71;-3.82;1.61;-5.01;-4.72;0.21;-1.85;-1.46
197605;-2.55;-3.62;-1.64;5.06;0.17;-3.44;-6.01;-3.17;-1.73;-1.98;-1.31
197606;3.22;3.74;3.28;4.77;7.77;3.33;0.9;3.22;3.83;4.86;4.02
197607;1.05;-1.5;-2.3;-1.14;-2.68;0.82;-2.71;-0.87;2.35;-0.55;-1.09
197608;-0.7;-1.81;-2.1;-1.29;-1.25;4.1;2.57;1.74;2.49;-1.43;-0.56
197609;1.1;4.15;0.69;5.75;2.44;1.26;-0.11;3.18;3.64;0.5;2.01
197610;-2.02;-1.57;-3.68;-2.79;-4.91;1;-1.29;-4.16;-1.23;-0.87;-2.45
197611;1.35;-1.14;-0.8;0.54;1.24;2.21;4.53;-10.07;2.75;1.69;0.14
197612;4.85;9.26;5.49;5.78;3.44;3.09;2.02;5.88;6.15;7.94;5.76
197701;-4.45;-4.51;-6.33;-0.07;-4.25;-0.56;-7.25;-9.19;0.45;-4.46;-3.99
197702;-1.75;-3.89;-1.09;-3.27;-0.99;0.92;-2.22;-0.57;-3.75;-2.05;-1.93
197703;-1.74;-3.78;-0.79;-2.48;-0.43;-1.42;-3.01;-2.13;-0.24;-0.51;-1.3
197704;0.14;2.83;0.17;2.18;-3.85;0.04;-3.71;-5.54;1.57;1.76;0.12
197705;-1.32;-0.89;-3.31;-0.77;-1.84;1.04;-3.09;-2.25;1.3;-1.1;-1.45
197706;4.13;3.92;3;5.63;7.38;1.15;5.57;8.64;5.32;4.89;4.74
197707;0.79;-2.85;-3.97;-2.29;-0.56;-1.13;-0.67;-2.67;0.46;-0.73;-1.7
197708;-0.33;-1.31;-1.62;-6.18;0.06;-2.77;4.12;3.35;-3.68;-1.7;-1.78
197709;-0.17;1.17;-1.46;0.31;-2.23;3.44;-1.07;-1.26;1.56;-0.51;-0.27
197710;-3.82;-4.96;-5.04;-4;-3.68;-5.87;-3.54;-2.19;-3.64;-4.81;-4.42
197711;4.1;1.45;3.81;2.83;4.72;1.69;4.89;5.52;3.81;5.88;4.04
197712;-0.49;-1.15;0.22;1.24;1.9;1.83;-1.86;0.11;-0.81;0.13;0.33
197801;-5.79;-7.35;-6.53;-7.39;-5.21;-4.7;-7.3;-2.33;-5.06;-5.48;-6.01
197802;-0.32;-0.05;-3.12;-1.55;-3.94;4.14;-0.93;-3.47;-0.86;-0.54;-1.39
197803;3.61;5.58;3.42;1.45;-1.22;2.3;2.26;3.63;1.95;4.74;2.87
197804;6.36;9.14;10.93;6.33;12.79;2.67;10.36;8.65;-0.28;8.7;7.74
197805;3.75;-0.38;3.57;0.31;1.12;-1.01;0.72;4.76;0.2;2.04;1.81
197806;-0.79;-3.4;-1.93;-4.44;-0.89;-2.1;-2.34;0.56;0.28;-0.73;-1.62
197807;3;4.07;7.28;2.77;8.03;0.88;4.46;8.31;2.21;5.88;5.11
197808;3.57;2.33;3.39;4.55;5.47;3.02;5.09;0.45;-0.09;5.73;3.69
197809;-1.02;-1.07;-2.74;4.14;-4.78;0.85;-3.18;-3.39;-0.86;-1.85;-1.31
197810;-12.23;-11.86;-12.02;-11.26;-11.5;-5.38;-14.81;-13.54;-7.78;-14.57;-11.78
197811;1.51;0.0800000000000001;2.31;5.47;4.38;2.7;1.99;4.46;2.37;1.67;2.68
197812;0.96;-1.34;0.68;2.08;5.66;-0.83;-1.45;2.63;-2.02;0.52;0.99
197901;3.43;4.22;5.77;2.49;3.55;3.04;4.97;0.64;5.57;5.22;4.18
197902;-4.24;-4.27;-5.18;-0.28;-4.02;-1.4;-5.09;-5.23;-2.33;-3.95;-3.41
197903;3.26;5.79;6.57;8.33;6.8;-0.52;5.03;4.26;1.58;7.24;5.75
197904;-0.58;2.2;-1.27;3.47;-0.46;-3.36;-0.1;-0.35;-3.51;0.77;0.05
197905;-2.61;-1.6;-3.05;-3.42;-2.8;-0.63;-3.49;-3.49;0.62;-1.06;-2.18
197906;2.48;2.17;2.8;8.39;-0.32;1.33;2.06;4;4.16;6.01;3.88
197907;1.29;1.28;1.27;0.93;-2.3;-1.01;0.3;-0.63;1.35;2.54;0.73
197908;6.77;3.93;6.87;7.16;5.18;0.86;8.09;7.78;1.28;5.01;5.7
197909;-2.74;-0.41;-1.63;5.01;-2.6;-3.25;-1.63;-1.34;-2.97;-1.55;-0.69
197910;-8.54;-10.29;-9.69;-3.29;-8.61;-5.62;-9.66;-5.26;-6.67;-10.97;-8.14
197911;4.16;-3.35;3.79;7.9;7.18;3.09;2.85;7.76;6.79;5.94;5.37
197912;2.43;2.43;3.57;1.74;0.86;-2.34;2.05;1.18;-1.86;3.07;1.87
198001;2.31;8.25;6.28;13.33;6.6;-3.27;0.13;-2.12;0.8;4.63;5.76
198002;-5.68;-7.18;-3.39;11.7;-4.45;-1.96;-5.7;-5.47;-4.24;-4.24;-0.79
198003;-9.36;-9.96;-13.02;-19.01;-13.9;-3.98;-9.64;-4.02;-7.89;-13.34;-13.23
198004;5.26;-3.17;2.01;5.58;-0.52;6.01;2.06;3.05;10.7;4.69;3.97
198005;7.07;3.49;5.47;3.25;3.99;4.05;9.89;6.15;3.8;7.21;5.2
198006;2.38;2.17;1.67;5.17;2.42;-1.44;1.71;-0.34;3.96;4.5;3.16
198007;7.21;11.22;10.38;1.12;14.96;0.41;10.03;8.34;-0.7;6.15;6.41
198008;0.82;0.81;1;3.15;3.03;4.93;1.45;-0.38;-1.88;2.14;1.72
198009;-0.54;0.22;2.09;6.07;1.25;-2.29;0.32;2.85;-0.71;2.9;2.2
198010;-0.66;-2.68;-0.7;7.03;1.01;-3.77;-2.49;-2.23;1.09;0.51;1.06
198011;-0.02;3.82;7.33;23.63;8.83;-1.01;1.89;7.68;6.67;6.22;9.53
198012;-0.27;-2.46;-3.31;-12.19;-2.5;-1.22;-2.72;3.44;-3.22;-2.02;-4.75
198101;0.99;-3.24;-2.94;-11.41;-9.09;5.19;-0.58;-2.6;-3.6;-3.43;-5.05
198102;1.43;5.33;3.3;-1.54;-0.6;1.22;1.75;0.84;-2.39;0.57;0.48
198103;5.74;5.85;4.76;-3.71;3.79;0.2;11.43;4.7;1.83;7.07;3.41
198104;0.04;0.72;-1.97;-8.53;-0.93;5.29;1.91;1.99;-3.66;-0.0700000000000001;-2.21
198105;1.49;1.74;-1.45;-5.12;3.07;6.17;1.5;2.31;0.61;1.35;0.21
198106;-1.56;-5.58;-2.66;3.42;-8.01;-3.63;-2.91;-6.94;1.79;-2.18;-2.37
198107;-1.9;-4.22;-4.03;6.75;-5.01;-1.19;-4.55;-5.1;1.75;-3.67;-1.55
198108;-6.38;-9.12;-8.17;-7.74;-8.53;-2.64;-6.56;-9.02;-1.86;-6.61;-6.91
198109;-3.42;-4.21;-8.37;-13.57;-5.13;1.71;-5.12;-2.51;-6.56;-6.76;-7.62
198110;6.3;-5.36;2.47;8.99;3.95;4.14;5.64;6.8;3.78;6.15;4.81
198111;1.62;3.75;3.47;5.78;0.49;1.47;-0.18;2.52;4.7;3.79;3.52
198112;-2.67;-0.45;-2.49;-7.39;-0.9;-2.38;-2.95;-1.66;-3.15;-4.39;-3.68
198201;-1.73;0.41;-4.05;-9.4;1.97;-0.02;-0.77;0.61;-1.3;-3.94;-3.42
198202;-2.9;-2.86;-6.55;-11.9;-6.15;-6.47;-2.26;-2.7;-1.06;-4.51;-6.03
198203;1.46;2.66;-2.66;-4.59;-4.55;1.43;3.16;-3.56;0.67;-2.37;-1.99
198204;5.49;3.34;2.04;3.43;6.31;-1.97;4.32;6.2;2.69;2.83;3.2
198205;-4.28;-2.87;-5.72;1.4;-6.48;-2.11;-3.87;-4.11;-1.64;-6.58;-3.88
198206;0.73;1.73;-3.49;-7.42;-3.28;-3.51;2.1;-1.69;-3.17;-3.45;-3.35
198207;-1.51;-1.44;-3.31;-9.16;0.49;0.13;-0.87;-0.22;-3.78;-4.09;-3.1
198208;8.44;12.99;13.18;8.9;12.02;10.07;11.74;11.58;11.17;10.06;11.14
198209;4.78;-1.23;-1.51;1.63;0.7;0.53;4.03;0.77;0.69;3.64;1.17
198210;9.88;15.97;12.43;5;16.4;7.59;16.06;8.03;4.29;14.64;11.27
198211;4.5;7.59;5.27;-5.01;10.07;5.38;10.1;4.82;-0.51;7.04;4.56
198212;0.22;2.48;0.0399999999999999;4.78;1.99;-1.9;-2.27;-0.11;3.58;-1.96;0.78
198301;-1.67;4.42;4.27;2.93;7.7;11.65;0.85;0.71;2.89;2.08;3.5
198302;3.12;2.94;3.49;-1.06;2.95;-0.92;7.58;2.24;0.77;3.88;2.4
198303;6.83;-1.7;1.45;5.36;0.0599999999999999;0.08;7.86;3.86;-0.29;4.38;2.84
198304;5.55;10.3;5.67;8.81;6.79;4.42;8.01;4.26;4.02;7.68;6.71
198305;-1.69;-2.85;1.3;0.56;2.04;-1.97;-0.19;-3.3;1.86;1.82;0.63
198306;2.28;9.73;0.89;5.83;5.47;-0.44;5.3;6.12;-1.1;1.1;3.11
198307;-3.48;-4.4;-3.31;-3.14;-6.06;-5.92;-4.14;-6.43;0.3;-4.1;-3.9
198308;-0.13;-3.24;-0.03;6.62;-1.83;1.44;-5.65;-1.82;0.84;-1.53;-0.41
198309;3.99;3.67;1.53;-5.75;1.37;1.51;1.61;0.41;3.91;0.99;0.85
198310;-0.96;-0.4;-3.02;-2.85;-7.66;-5.98;-2.12;-2.89;2.33;-4.53;-3.56
198311;1.61;3.42;5.76;-1.29;1.6;2.47;3.67;-3.73;-2.35;3.74;2.26
198312;-1.01;0.24;-1.86;1.08;-0.34;-2.25;-5.33;-4.39;-4.41;-1.7;-1.78
198401;-1.45;-6.16;-4.29;9.33;-6.94;3.3;-6.66;-1.31;0.81;-2.1;-2.06
198402;-6.28;-6.8;-7.38;3.29;-6.64;-4.41;-5.47;-2.77;-4.06;-5.23;-4.62
198403;0.89;-0.36;2.6;-0.51;1.06;-4.94;0.42;-1.42;-0.91;1.76;0.61
198404;-0.28;0.49;-0.91;3.35;-1.23;1.38;-0.68;1.68;-1.13;-2.75;-0.56
198405;-3.3;-6.35;-6.52;-5.91;-6.33;-4.27;-6.07;-7.48;-1.59;-7.49;-6.01
198406;5.54;1.24;2.48;-3.01;1.05;11.52;6.4;3.18;-0.25;1.63;1.59
198407;-2.47;1.77;-2.2;-7.95;-3.17;2.06;-0.64;-4.97;-0.84;-2.59;-2.88
198408;7.93;9.17;11.01;12.79;13.01;6.32;8.97;9.37;6.84;9.86;10.44
198409;0.38;-0.99;-3.16;1.24;-4.8;3.18;-0.47;-5.1;3.98;1.41;-0.82
198410;0.26;1.15;-0.12;-5.53;-1.58;-4.52;-1.73;0.65;2.39;-0.19;-1.01
198411;-0.32;-3.72;-2.01;-1.76;-4.59;-0.27;-3.48;-1.08;2.34;-0.95;-1.8
198412;2.12;3.95;1.96;-1.28;1.75;4.69;0.46;2.08;1.99;2.82;1.73
198501;4.68;9.17;8.32;5.81;11.94;4.6;12.63;7.92;1.68;9.01;7.92
198502;4.51;-2.17;0.39;3.3;-1.9;2.79;1.63;2.74;0.82;1.59;1.11
198503;3.9;-5.86;-3.35;0.91;-6.66;3.83;-1.27;2.24;5.47;-0.52;-0.79
198504;-2.69;-4.17;-2.14;3.15;-4.35;-1.43;-0.72;-2.43;0.91;0.86;-0.94
198505;7.24;5.27;5.76;-0.0600000000000001;2.2;7.69;8.81;8.85;4.87;5.57;4.92
198506;2.1;0.95;1.64;-1.35;-1.27;3.95;1.02;1.7;3.13;2.54;1.16
198507;-3.1;1.77;2.85;-0.91;3.83;-5.16;-4.5;-1.02;-5.4;-0.7;-0.65
198508;0.28;-3.17;-1.67;0.74;-3.07;-0.03;-1.52;-1.35;1.48;-0.69;-1.03
198509;-1.59;-3.85;-4.59;-2.19;-5.36;-4.8;-5.05;-4.5;-5.89;-5.06;-4.58
198510;2.97;0.22;2.63;5.76;2.4;3.42;6.18;2.54;5.62;5.68;3.79
198511;8.05;9.37;7.43;-0.08;8.05;6.78;7.33;9.17;3.63;6.22;6.31
198512;4.71;6.53;3.9;-3.28;7.65;5.56;3.93;2.83;4.19;3.3;3.66
198601;1.62;1.63;1;-7.31;-0.85;-4.5;1.33;0.57;3.24;2.61;0.42
198602;10.07;10.39;9.76;0.1;4.43;6.85;7.05;5.55;5.97;7.99;6.72
198603;7.42;7.32;5.48;-0.71;-0.69;3.2;7.98;11.45;3.42;4.9;4.79
198604;-0.28;-4.05;-2.28;0.18;3.37;1.91;-0.68;0.2;-4.1;-2.78;-1.31
198605;8.23;2.72;4.01;6.59;0.48;4.32;9.21;6.75;3.17;4.24;4.59
198606;5.61;-1.78;-0.59;-2.48;-4.47;4.91;2.85;5.14;4.65;1.18;0.9
198607;-6.36;-9.56;-7.84;-5.98;-8.86;-3.54;-10.31;-5.93;4.62;-6.36;-6.49
198608;2.46;7.06;5.82;15.9;6.52;6.41;1.51;3.5;7.44;6.39;6.16
198609;-11.31;-8.63;-7.23;-0.88;-7.53;-9.74;-9.15;-14.4;-9.54;-9;-8.35
198610;8.32;6.03;6.17;1.59;0.14;4.2;7.16;7.2;4.79;3.34;4.47
198611;0.28;4.44;2.48;2.6;3.13;3.55;1.42;0.75;0.15;-0.98;1.12
198612;-3.81;-2.68;-2.43;-0.63;-4.19;-4.21;-6.89;-2.06;-3.79;-2.9;-3.13
198701;14.07;18.39;14.11;13.83;16.02;4.9;10.27;12.42;8.88;10.76;12.43
198702;5.36;3.04;4.48;-2.36;9;-0.39;9.26;10.9;-2.58;4.47;4.36
198703;0.32;4.16;2.87;11.91;2.2;0.96;1.26;-0.32;-2.13;-0.11;1.89
198704;-4.12;3.64;-1.75;-0.36;3.96;-2.86;-3.51;-2.86;-4.77;-4.26;-2.14
198705;2.09;-1.79;-0.14;2.52;-0.1;2.95;-0.67;0.82;-2.23;-0.42;0.13
198706;6.21;2.5;4.43;5.32;-0.46;6.56;5.9;4.16;2.91;3.6;3.89
198707;5.15;6.5;6.5;3.47;0.52;6.79;5.31;5.29;-2.14;2.75;3.96
198708;3.68;5.21;2.42;1.43;6.93;4.82;2.79;1.49;3.24;3.51;3.24
198709;-2.91;-4.43;-0.24;-4.35;-3.16;2.63;-6.49;-2.94;-2.75;-2.41;-2.53
198710;-22.07;-27.53;-27.87;-19.33;-26.54;-14.22;-29.38;-21.18;-7.55;-22.75;-23.13
198711;-8.93;-8.88;-5.54;-11.31;-10.16;-9.05;-8.88;-9.62;-2.87;-6.72;-7.58
198712;7.48;8.22;10.39;6.25;11.45;4.28;7.87;4.9;0.19;4.6;6.64
198801;2.41;4.2;-0.00999999999999995;8.43;-2.73;8.35;5.63;6.07;9.47;6.58;4.2
198802;5.93;5.81;7.09;3.33;7.02;1.23;10.02;3.75;-1.89;3.5;4.71
198803;-1.75;-4.62;-1.73;2.45;-5.14;-3.76;-1.45;-3.03;-3.61;-1.88;-2.1
198804;-0.57;2.45;1.13;3.88;2.11;-0.12;1.2;-2.47;-0.75;-0.43;0.64
198805;-1.28;0.72;-0.88;-0.77;-1.84;1.14;-1.96;-0.77;3.08;0.46;-0.47
198806;2.66;7.77;7.05;-2.44;8.92;2.38;6.42;2.18;2.74;4.98;4.66
198807;1.1;-1.34;-2.84;2.98;-5.62;-0.49;-1.28;0.04;-0.76;-0.93;-1.24
198808;-0.81;-7.27;-4.97;-2.08;-8.78;-3.64;-3.23;-1.74;-0.73;-1.21;-3.39
198809;5.88;3.27;2.91;-3.02;2.16;6.74;7.47;3.21;2.09;3.2;3.1
198810;7.58;2.72;0.09;1.21;-0.61;2.19;1.12;0.6;1.93;-0.5;1.15
198811;-1.7;-1.52;-2.72;-0.87;-3.72;-0.23;-3.38;-2.75;-1.03;-2.61;-2.21
198812;2.86;-0.38;2.41;1.19;4.27;1;0.78;1.17;0.39;0.33;1.48
198901;5.09;7.05;6.91;5.77;6.56;8.41;5.88;6.24;2.21;6.16;6.06
198902;-2.03;-3.61;-2.58;-1.93;-4.39;-1.83;-2.36;-1.74;-2.43;-0.82;-2.25
198903;4.75;-2.07;0.53;3.14;-6.17;4.89;2.19;4.26;-0.0900000000000001;2.51;1.48
198904;5.04;-0.2;4.7;1.94;4.54;8.96;4.62;4.8;3.24;3.96;4.15
198905;4.59;1.51;2.74;2.04;1.6;5.01;4.37;2.8;4.55;3.1;3.14
198906;0.78;0.56;-3.39;-1.67;-3.96;-0.73;-2.6;-3.55;2.7;0.1;-1.2
198907;11.27;4.41;6.85;3.06;2.15;7.87;8.46;13.19;5.1;7.05;7.01
198908;-2.76;4.69;3.66;2.59;1.79;0.28;1.97;-0.37;-1.55;2.75;1.47
198909;-1.18;-5.25;-3.15;0.77;-3.38;3.16;-2.95;1.73;-0.17;1.01;-0.8
198910;-3.15;-6.39;-5;-0.23;-5.16;-2.71;-4.75;-0.29;0.33;-5.28;-3.61
198911;0.97;-1.87;2.33;3.22;-2.52;1.31;0.67;3.84;2.53;-0.63;1.09
198912;0.73;-2.06;2.3;5.22;-1.73;5.12;0.65;0.44;4.18;-1.86;1.22
199001;-9.99;-4.41;-6.86;-4.71;-1.75;-13.97;-6.8;-7.94;-5.92;-8.98;-7.58
199002;-0.98;4.56;1.89;2.41;3.51;-0.91;1.37;-2.63;-0.35;2.03;0.92
199003;3.92;2.26;3.25;-1.14;3.86;3.54;4.65;3.22;-1.39;-0.88;1.77
199004;-0.97;-4.73;-3.34;-4.26;-2.67;-4.15;-2.56;-0.4;-6.19;-4.06;-3.52
199005;8.37;7.08;7.37;5.23;11.82;8.72;11.01;12.08;4.74;8.17;8.21
199006;1.43;-2.88;-1.13;-2.66;-1.86;-5.33;0.97;3.81;0.11;-2.24;-1.05
199007;-1.48;-4.16;-0.21;7.53;-8.21;-5.27;-4.69;1.91;0.2;-4.14;-1.62
199008;-8.03;-14.94;-12.6;-1.89;-12.7;-11.38;-12.8;-7.48;-7.3;-11.9;-9.85
199009;-4.69;-11.18;-8.69;-2.18;-7.27;0.7;-8.85;-4.95;-0.12;-10.45;-5.98
199010;1.82;-3.9;-2.18;-4.82;-3.99;2.12;-3.71;0.75;6.56;-6.52;-1.93
199011;5.97;3.54;6.58;1.09;10.69;2.53;9.8;8.88;1.73;9.73;6
199012;3.81;-1.04;4.26;-2.78;3.55;1.15;2.79;2.15;0.2;4.78;2.35
199101;4.61;6.77;6.05;-2.52;14.59;-0.34;8.89;4.01;-1.89;6.92;4.39
199102;9.79;9.76;5.36;7.85;5.91;2.93;7.56;9.37;4.35;9.07;7.1
199103;4.35;0.72;1.04;0.86;0.28;1.9;8.17;4.99;1.27;2.66;2.45
199104;-1.5;-2.88;-0.19;1.95;-3.43;0.6;1.42;-1.65;-0.56;0.8;-0.2
199105;3.12;14.25;6.98;-1.88;3.1;-1.92;7.06;4.15;-0.31;4.48;3.6
199106;-5.37;-4.88;-4.63;-4.08;-9.26;-2.32;-4.6;-4.58;-2.79;-5.58;-4.82
199107;5.16;-0.9;2.97;4.42;4.28;2.71;4.9;7.95;3.5;4.28;4.19
199108;4.94;-2.59;1.46;1.27;2.38;0.38;3.22;2.4;3.07;2.6;2.22
199109;-3.74;-3.14;-2.7;-1.16;-1.72;0.09;-3.7;-0.87;3.27;-1;-1.56
199110;-1.07;-2.41;0.84;1.58;1.66;1.69;-2.38;6.22;0.81;1.92;1.36
199111;-0.91;-8.36;-5.71;-8.01;-4.75;-5.31;-1.6;-2.95;1.5;-5.64;-4.12
199112;14.24;7.26;10.82;1.62;8.74;9.45;12.62;16.09;4.63;12.03;10.3
199201;-3.41;10.15;2.27;-4.57;6.29;-2.96;0;-5.89;-4.92;1.82;-0.46
199202;0.77;12;1.69;-0.78;3.61;-1.49;2.32;-2.87;-1.51;2.97;1.06
199203;-1.92;0.45;-1.51;-3.05;-5.54;-1.32;-1.67;-5.81;-0.87;-2.44;-2.71
199204;0.4;7.58;2.94;9.18;-1.33;6.53;-3.8;-2.47;2.36;0.25;1.02
199205;1.11;-2.2;-0.97;2.92;-0.23;-1.98;-0.1;0.81;2.26;1.29;0.36
199206;-3.18;1.84;-3.21;-3.79;-4.41;0.92;-2.22;-5.01;0.22;-0.25;-2.25
199207;4.31;0.05;2.52;4.99;2.69;5.06;3.53;5.42;6.38;2.92;3.68
199208;0.58;-9.7;-3.65;2.27;-4.81;-1.31;-0.81;-3.57;-0.75;-3.61;-2.34
199209;0.78;0.02;1.55;-0.14;3.12;1.55;3.78;-5.16;0.56;3.19;0.98
199210;-1.12;-0.22;0.67;-3.71;1.83;-0.76;4.08;3.1;-0.65;2.75;0.87
199211;3.43;8.43;3.18;-2.9;6.14;4.06;6.97;4.64;-0.47;5.77;3.79
199212;-0.21;3.08;1.1;1.73;-0.3;5.3;0.34;-1.68;2.42;3.55;1.5
199301;-0.96;9.15;-0.26;2.51;4.6;0.93;-0.19;-7;2.22;3.05;1.03
199302;-2.33;-0.56;1.31;5.78;-0.55;5.5;-1.74;-9.16;5.99;0.2;0.32
199303;-0.15;5.2;2.01;3.83;1.95;3.01;2.52;0.56;1.52;3.66;2.26
199304;-9.52;2.08;-0.09;0.87;-3.91;-3.11;-8.39;1.07;-0.39;-3.46;-2.78
199305;2.51;0.95;1.99;1.54;8.62;4.01;5.65;3.4;-0.28;1.48;2.74
199306;-0.95;3.09;-0.71;-1.33;-0.67;4.39;-3.13;-3.18;2.93;1.98;0.29
199307;-2.53;1.44;-0.45;0.26;-4.13;1.91;0.42;-6.23;1.71;1.82;-0.32
199308;3.97;0.25;3.14;3.93;6.1;5.22;3.73;2.81;3.42;3.21;3.7
199309;-2.03;0.56;-1.91;1.24;1.09;-0.73;-0.59;0.66;-0.89;1.43;-0.2
199310;5.83;7.29;2.73;-2.12;1.36;2.39;4.4;5.78;-2.18;-2.5;1.59
199311;0.45;0.59;1.03;-6.05;-0.25;-6.29;0.43;0.86;-5.76;-3.05;-2.01
199312;1.36;4.28;3.62;0.26;2.73;-0.66;-2.32;2.25;1.38;2.38;1.72
199401;-0.71;6.71;4.77;4.67;4.48;1.76;0.39;1.68;-1.47;4.16;2.9
199402;-1.56;-4.57;-0.97;-3.16;1.47;-5.75;1.77;-5.77;-5.16;-4.11;-2.63
199403;-4.34;-6.69;-4.65;-3.89;-4.16;-4;-4.88;-6.99;-4.2;-4.56;-4.85
199404;0.97;-0.72;0;3.85;-1.84;1.15;0;2.13;1.84;1.05;0.68
199405;-1.66;-3.1;1.72;0.53;1.77;1.35;-2.22;4.04;-5.67;2.7;0.62
199406;-2.09;-3.74;-2.94;-3.06;-5.55;0.4;-2.94;-4;-3.44;-2.93;-3.1
199407;2.71;3.43;4.29;3.05;3.59;2.92;0.51;0.76;4.88;2.39;2.78
199408;5.65;-0.59;4.36;-0.37;8.97;0.79;4.18;10.35;0.29;3.14;3.89
199409;-0.69;-5.43;-1.92;-2.48;-0.88;-1.46;-2.66;1.35;-3.15;-4.58;-2.21
199410;1.75;-1.86;0.28;6.96;6.89;-0.47;0.83;0.5;1.18;-0.33;1.07
199411;-2.03;-5.44;-5.88;-5.22;-2.51;-5.82;-3.75;0.07;-0.11;-5.53;-4.09
199412;0.89;3.39;3.81;-1.38;2.03;0.47;-3.27;0.09;-0.09;0.99;0.82
199501;1.47;-6.26;-0.8;-0.03;-1.24;3.78;1.13;5.73;5.81;4.28;1.62
199502;2.62;4.66;4.74;4.1;6.37;1.11;2.27;1.84;0.42;4.48;3.56
199503;2.24;0.96;3.31;4.75;4.07;-0.18;3.04;2.23;-2.21;1.47;2.24
199504;1.41;0.97;2.48;1.87;7.85;1.15;-2.1;2.63;1.94;1.21;2.06
199505;4.18;4.3;2.76;3.48;2.51;0.09;2.19;1.09;5.47;3.93;2.86
199506;1.31;0.37;1.53;-3.61;9.34;3.4;4.49;4;-0.93;1.72;2.65
199507;0.78;2.19;3.4;1.85;7.45;4.69;3.08;4.87;-0.83;4.37;3.63
199508;0.21;0.25;-1.05;-2.17;-0.56;3.86;-3.23;0.56;0.51;3.22;0.46
199509;6.29;-0.95;1.96;0.92;0.82;5.2;2.39;7.02;5.81;4.11;3.21
199510;-0.08;-5.25;-3.26;-0.67;1.01;-0.59;-5.98;0.68;1.01;-2.51;-1.6
199511;4.08;5.03;5.62;4.33;-1.16;2.25;5.75;4.52;1.14;5.72;3.85
199512;1.15;2.66;0.82;5.19;-4.7;3.44;-1.31;5.45;4.57;0.61;1.03
199601;2.22;3.06;2.76;-0.77;1.5;1.91;-0.79;5.52;1.48;3.11;2.38
199602;2.75;1.63;0.41;0.7;5.96;-2.58;3.94;-1.47;-2.97;1.77;1.24
199603;-1.32;3.9;2.85;4.53;-3.84;-2.26;5.59;-0.15;-0.86;1.33;0.7
199604;-0.35;3.08;1.26;2.96;9.6;2.25;3.8;-1.07;-3.05;-0.22;2.09
199605;6.16;1.82;1.82;0.09;3.45;-0.36;4.01;3.52;0.93;1.11;2.26
199606;2.87;-5.33;-0.68;0.47;-5.33;0.04;-2.04;-0.59;4.81;-0.69;-1.23
199607;-4.55;-4.63;-4.54;-5.09;-8.01;-9;-8.02;-6.5;-6.27;-4.76;-5.83
199608;-1.14;2.75;2.7;2.51;4.02;-1.33;5.41;3.78;2.48;3.49;2.84
199609;3.27;1.94;5.55;3.55;10.15;1.08;3.08;6.9;0.23;4.62;4.86
199610;1.36;-0.27;1.23;5.38;-1.67;-1.15;-2.67;-1.11;3.19;3.52;0.94
199611;4.76;5.6;5.66;5.12;11.63;5.24;2.68;6.27;2.2;7.12;6.14
199612;0.06;-3.66;-0.59;0.31;-3.03;2.17;-3.97;-3.12;-0.32;-2.23;-1.6
199701;5.08;2.71;3.66;3.85;8.96;1.89;-0.27;9.14;0.45;5.54;4.89
199702;3.73;-0.04;0.37;-5.97;-7.86;1.89;2.66;0.56;-0.96;2.26;-0.5
199703;-5.57;-4.36;-4.06;4.77;-5.97;-8.02;-1.75;-7.86;-3.19;-6.31;-4.91
199704;4.83;1.87;4.68;-0.34;7.77;2.11;1.76;5.71;-1.82;4.75;3.8
199705;5.42;6.17;7.26;6.78;9.65;6.15;5.57;6.43;3.28;5.79;6.67
199706;3.21;3.55;4.74;0.92;0.98;3.41;4.66;8.52;2.69;5.04;4.04
199707;2.95;7.37;6.63;6.99;15.55;2.26;7.34;1.63;2.39;8.79;7.22
199708;-6.67;0.8;-5.98;-0.2;-1.73;-2.89;-2.97;-6.55;-1.57;-5.14;-4.04
199709;5.16;4.83;2.85;5.88;3.03;9.21;4.72;6.17;4.21;7.47;5.4
199710;-3.56;-3.65;-6.17;-2.48;-8.84;2.65;-2.6;-0.15;0.52;-3.07;-3.87
199711;6.07;-1.98;3.82;-3.88;1.07;10.1;4.95;2.47;6.74;2.63;2.66
199712;3.29;3.91;-0.9;-1.97;-4.69;4.04;-0.75;3.06;7.49;4.83;1.3
199801;-3.32;0.1;-0.02;-6.11;4.81;4.28;0.52;5.31;-4.8;-2.5;0.02
199802;4.67;12.16;6.69;6.42;10.04;2.27;10.07;5.06;2.26;7.71;6.93
199803;5.32;5.92;4.38;4.34;0.91;9.41;6.18;3.19;6.38;5.46;4.74
199804;-3.58;0.62;0.67;3.34;4.69;-3.48;-0.81;1.51;-2.94;1.37;0.66
199805;0.7;6.84;-2.65;-4.57;-7.37;-1.92;1.74;-2.9;-1.28;-3.48;-2.98
199806;3.38;1.38;-1.03;-1.72;8.37;2.78;4.38;5.75;2.43;2.67;2.79
199807;-4.42;-1.56;-6.31;-7.08;0.1;3.39;-3.5;-0.62;-5.74;-2.15;-2.73
199808;-13.46;-19.81;-14.57;-10.72;-18.03;-12.24;-14.68;-12.69;1.82;-21.81;-16.2
199809;1;1.1;0.09;12.51;14.74;9.68;0.99;11.55;7.52;2.29;5.92
199810;10.5;11.36;10.52;0.94;6;6.4;10.31;3.54;-2.08;8.48;7.12
199811;6;4.52;3.44;0.25;11.34;3.38;9.25;5.86;1.04;5.89;5.89
199812;0.23;3.92;2;-1.55;14.89;13.97;8.59;4.65;2.45;3.03;5.93
199901;-3.79;5.17;0.4;-5.86;14.73;8.36;2.05;-0.1;-6.61;0.76;3.48
199902;-4.09;-4.74;-2.24;-3.47;-11.81;-3.26;-1.87;-0.13;-4.13;-0.29;-4.16
199903;-2.43;-1.34;4.55;14.92;8.08;-1.12;2.48;2.12;-2.12;2.06;3.36
199904;3.48;9.89;8.7;15.56;1.97;7.92;0.16;-5.91;6.81;6.3;4.53
199905;0.94;-5.89;-3.12;-3.44;-0.96;0.7;-3.25;-2.39;6.38;-4.02;-2.41
199906;-0.06;0.16;4.32;-1.89;11.32;5.44;7.48;4.09;-4.69;2.8;4.7
199907;-2.84;-7;-1.43;1.23;-2.18;-1.99;-5.44;-4.81;-0.99;-6.4;-3.44
199908;-5;0.83;-1.2;1.45;5.06;-7.95;-6.35;3.35;0.23;-5.55;-1.39
199909;-7.13;-8.27;-3.25;-4.27;-0.58;4.01;1.03;-7.49;-4.7;-4.71;-2.67
199910;6.03;4.92;4.96;-1.96;2.87;9.12;3.04;10.4;1.78;10.92;5.81
199911;-1.59;-2.39;-1.08;3.39;12.55;3.98;3.91;1.14;-7.81;-2.59;3.33
199912;-2.93;2.76;10.11;0.21;20.31;3.77;6.19;-6.06;-2.78;1.05;7.95
200001;-5.22;-1.16;-7.96;0.48;-5.13;-4.39;-11.66;7.16;5.34;-5.08;-4.39
200002;-6.65;-8.84;-3.39;-5.99;17.7;-3.89;-4.2;-3.1;-7.69;-7.41;2.74
200003;7.32;10.23;5.34;11.7;3.53;7.06;13;-0.36;5.3;13.62;4.88
200004;-2.29;9.05;0.84;-2.42;-11.15;-8.36;-4.91;4.71;7.14;-3.86;-6.41
200005;6.75;-13.85;-2.04;9;-11.36;-10.95;-3.14;3.48;3.4;2.91;-4.4
200006;1.98;-9.89;-1.49;-5.67;12.64;3.81;-2.74;11.14;-5.16;-3.22;4.76
200007;0.35;4.11;-1.09;-3.05;-5.66;-7.87;-1.86;-6.68;3.95;5.11;-2.19
200008;-2.32;7.4;6.4;8.27;12.03;-1.56;-2.94;3.12;11.22;8.48;7.14
200009;2.91;-4.22;-6.45;4;-15.52;-4.51;2.21;3.17;9.12;-0.11;-5.62
200010;7.06;1.3;4.02;-3.48;-7.87;-0.94;-2;2.04;-2.8;-1.5;-3.02
200011;2.28;-11.83;-4.19;-3.13;-23.89;-16.07;-1.88;0.25;2.59;-6.45;-10.76
200012;4.95;0.95;6.58;7.14;-8.46;-4.69;5.13;3.04;6.08;6.74;1.53
200101;-2.44;12.89;-0.6;-3.93;16.02;13.68;6.06;-9.49;-11.31;-0.54;3.41
200102;-0.2;-1.64;-4.67;-0.33;-26.41;-10.33;-5.77;-0.87;5.85;-4.68;-10.32
200103;-5.1;-3.25;-7.75;-0.62;-14.04;-6.27;-3.3;-8.9;1.2;-4.57;-7.47
200104;0.52;7.79;8.08;9.73;17.59;2.29;5.22;3.63;5.08;5.42;8
200105;3.04;-3.17;2.55;-0.21;-3.64;-1.63;1.27;2.7;-0.31;3.39;0.74
200106;-1.88;3.24;-4.7;-7.83;1.19;-3.33;-2.78;-3.11;-6.5;-0.21;-2.03
200107;-0.44;2.88;0.24;-2.59;-7.88;-1.02;4.26;1.98;-3.96;-2.64;-2.13
200108;2.21;-11.45;-2.27;-3.8;-12.98;-9.57;-7.29;-3.43;0.11;-5.69;-6.22
200109;-2.84;-17.15;-13;-5.89;-19.21;-2.74;-9.9;-0.89;-6.67;-8.57;-9.43
200110;0.85;0.97;3.62;4.43;15.48;-9.64;1.43;0.98;1.18;-0.74;2.58
200111;1.91;15.01;8.19;-4.25;15.75;5.86;9.98;4.86;-1.8;7.78;7.7
200112;1.86;-0.92;2.49;5.81;-0.76;2.6;4.36;-3.03;3.7;3.11;1.63
200201;1.78;2.65;1.55;-3.02;-0.71;-7.36;2.63;-2.49;-4.21;-3.05;-1.75
200202;4.23;3.04;4.12;5.28;-13.35;-2.52;-0.22;-0.64;-0.39;-0.61;-2.3
200203;3.6;6.57;4.86;7.53;6.3;0.2;1.9;0.34;9.91;5.19;4.34
200204;2.51;1.84;-1.64;-4.72;-11.93;-12.85;-1.54;-7.75;-0.71;-3.88;-5.11
200205;1.31;-0.59;-0.42;-0.87;-3.94;2.84;-1.42;-2.37;-6.61;-0.58;-1.19
200206;-5.9;-8.52;-3.19;-0.24;-12.34;-14.53;-5.22;-9.74;-5.49;-5.57;-7.15
200207;-6.87;-12.13;-8.63;-12.01;-9.72;-11.84;-11.46;-2.75;-12.45;-6.59;-8.26
200208;2.35;0.3;-1.43;0.46;-0.99;0.2;1.76;0.53;3.24;0.93;0.66
200209;-7.82;-11.3;-8.4;-8.18;-16.89;-9.46;-9.54;-5.99;-11;-10.86;-10.14
200210;5.12;-2.97;3.69;3.11;19.22;21.2;5.56;5.55;-0.82;6.27;7.36
200211;-1.4;11.9;6.01;2.96;16.05;11.71;1.81;3.58;1.5;4.52;6.01
200212;-0.11;-7.01;-3.88;0.72;-13.13;-9.18;-7.05;-4.18;3.73;-5.09;-5.44
200301;-4.89;-3.67;-4.13;-2.52;-1.57;-3.58;-4.87;-0.69;-3.27;-2.41;-2.44
200302;-3.17;-4.95;-2.28;1.92;1.19;-6.53;-1.3;-2.03;-4.01;-2.69;-1.63
200303;-2.78;-2.77;1.25;1.22;-1.09;-0.67;4.51;3.7;4.25;0.67;0.93
200304;4.59;15.06;6.17;-0.59;9.12;11.06;8.8;4.23;7.34;11.68;8.18
200305;9.13;2.7;4.58;8.68;9.64;6.14;3.32;3.83;10.02;5.22;6.26
200306;1.47;2.09;0.45;-1.25;0.15;1.86;3.36;4;0.56;0.84;1.53
200307;-2.4;6.58;4.82;-2.68;5.56;-1.69;3.25;0.56;-5.32;3.51;2.24
200308;0.59;8.01;4.05;6.17;6.01;1.32;6.68;-2.61;1.84;0.56;2.42
200309;1.03;-4.31;-3.78;-2.36;-0.97;-5.74;-4.61;0.15;3.83;0.22;-0.99
200310;5.52;7.16;8.73;1.53;8.17;6.62;8.96;0.65;1.51;6.34;5.96
200311;3.71;3.04;1.99;0.54;1.83;-0.7;0.51;1.56;0.88;1.02;1.59
200312;3.23;11.88;6.66;13.41;2.04;7.28;-2.21;5.61;5.73;4.42;4.47
200401;0.06;-1.03;-0.74;0.26;4.41;1.36;0.39;2.96;1.84;2.64;2.24
200402;4.22;-0.29;1.94;4.58;-2.98;-0.85;6.02;0.84;2;1.94;1.49
200403;-0.39;-1.22;-0.29;-0.19;-2.66;-2.51;0.21;-3.99;1.07;-0.67;-1.16
200404;1.43;2.44;-0.29;2.43;-4.98;-0.57;-2.76;3.49;-3.59;-3.93;-2.5
200405;-2.25;-1.63;1.55;0.41;4.78;-2.96;0.21;-0.44;1.22;2.01;1.35
200406;1.79;5.37;5.25;5.38;2.55;0.52;-0.01;-0.46;1.93;1.46;2.08
200407;-5.91;-4.88;-4.16;3.24;-8.63;-1.4;-4.08;-5.99;0.89;-2.58;-3.87
200408;0.72;-2.49;1.2;-1.44;-4.7;1.18;-1.26;1.55;3.5;1.77;0.16
200409;-1.87;2.51;1.78;8.68;3.32;1.24;2.47;-1.52;1.25;1.1;1.95
200410;2.76;-2.95;-1.49;0.58;5.01;3.31;2.97;-2.51;4.07;1.13;1.67
200411;4.37;6.95;7.01;6.32;5.61;3.31;3.46;0.51;4.89;4.85;4.67
200412;4.64;4.73;2.43;-2.35;2.93;4.17;3.27;5.5;2.25;4.27;3.36
200501;-0.24;-6.97;-1.92;2.85;-6.5;-4.07;-1.24;-4.22;1.54;-2.57;-2.82
200502;0.44;-0.61;3.93;18.98;-0.09;-0.31;0.7;2.31;2.16;-0.07;2.11
200503;-1.09;-7.86;-1.66;-3.58;-2.71;-0.32;-0.21;-0.63;0.37;-2.53;-1.9
200504;-1.23;-11.37;-4.96;-5.95;-4.65;-2.19;-5.55;3.74;1.8;-1.94;-2.73
200505;2.03;8.51;2.65;1.86;7.97;1.21;6.15;1.22;1.56;2.96;3.55
200506;-1.84;1.74;-1.41;5.58;-1.9;-0.04;2.24;-0.79;5.36;1.19;0.92
200507;2.17;5.06;5.54;5.94;5.8;2.74;5.59;3.49;2.75;2.26;4.09
200508;-0.2;-3.09;-1.73;5.42;-0.68;-1.46;-5.87;-0.61;0.86;-2.1;-0.89
200509;-0.04;-5.17;0.48;6.8;0.48;-1.78;-2.04;-2.24;4.1;0.94;0.77
200510;-2.08;-4.53;-2.7;-10.33;-1.84;-3.5;1.36;-3.52;-7.11;0.83;-2.35
200511;0.7;1.98;5;0.93;6.17;2.3;3.69;1.26;-0.5;4.67;3.73
200512;-0.48;-1.09;1.13;0.26;-2.22;-1.91;-0.93;2.09;0.91;-0.13;0.03
200601;-0.17;5.68;4.71;12.27;3.72;3.41;1.63;1.85;2.7;1.04;3.66
200602;0.81;-0.93;0.85;-8.55;-1.64;3;1.1;0.75;-0.12;0.73;-0.5
200603;0.86;2.31;2.59;3.76;2.59;1.46;2.04;-1.35;-4.02;1.49;1.54
200604;0.67;0.21;3.64;4.36;-1.46;1.32;-2.02;-2.26;1.49;1.84;0.94
200605;0.87;0;-3.74;-3.9;-7.41;-0.73;-2.36;-2.62;1.09;-3.62;-3.53
200606;-0.48;1.62;-0.9;2.26;-1.62;2.5;-0.13;-0.55;2.01;-0.73;-0.44
200607;3.12;-3.55;-4.01;4.43;-4.27;1.91;-4.69;3.84;4.45;-1.52;-0.58
200608;2.49;1.66;1.76;-3.81;7;1.92;1.6;1.85;1.91;1.21;2.09
200609;-0.7;3.91;1.5;-4.13;3.29;2.96;5.36;1.26;-2.55;2.89;1.54
200610;2.4;4.73;3.84;4.76;3.84;4.94;3.49;1.22;4.93;2.49;3.3
200611;0.84;1.25;3.22;8.14;2.73;0.38;-1.74;-0.38;2.6;1.27;1.95
200612;1.38;-1.38;0.26;-2.57;-1.45;3.83;1.08;-0.32;0.29;2.84;0.68
200701;0.8;1.97;2.84;-1.67;1.7;2.54;3.1;3.07;-0.08;0.66;1.5
200702;-2.09;-0.66;0.31;-2.56;-2.88;-2.9;-1.22;-3.17;3.88;-2.63;-1.78
200703;1.98;-1.59;1.2;5.56;0.45;1.89;0.31;-0.65;3.93;-0.72;0.86
200704;3.19;5.97;4.03;4.93;4.53;1.57;1.8;6.39;3.5;2.93;3.55
200705;2.35;3.03;4.35;6.67;3.68;6.4;2.11;0.69;0.78;2.78;3.48
200706;-1.59;1.91;-0.89;0.52;0.31;-2.11;-2.33;-3.8;-5.17;-3.13;-1.88
200707;-4.65;-6.34;-0.52;-1.48;-1.49;-3.47;-5.79;-4.44;-4.24;-5.96;-3.57
200708;1.18;-2.37;0.47;-0.17;2.32;-1.27;0.93;1.91;1.5;0.49;0.74
