Month;p11;p12;p13;p14;p15;p21;p22;p23;p24;p25;p31;p32;p33;p34;p35;p41;p42;p43;p44;p45;p51;p52;p53;p54;p55;Rm;SMB;HML
196702;6.88;5.31;5.03;4.23;5.6;2.89;1.6;2.18;2.89;1.49;1.55;1.6;1.49;0.34;0.38;2.52;-0.83;-0.55;0.75;0.04;1.94;0.47;-1.22;-1.24;-1.66;0.73;3.37;-2.2
196703;6.66;5.88;4.57;7.1;4.87;6.48;5.53;7.01;6.18;5.96;5.21;5.17;4.22;7.48;3.68;5.32;3.63;5.37;4.07;5.32;3.87;2.59;2.98;4.2;5.17;3.95;1.65;0.24
196704;6.43;4.2;2.97;3.71;3.3;2.88;3.34;4.88;3.58;2.89;5.22;4.2;2.97;5.31;2.52;6.4;2.73;3.97;3.02;2.93;6.57;2.57;-0.23;3.16;1.54;3.84;0.58;-2.57
196705;0.04;0.56;-1.46;-1.27;-0.95;-1.61;0.43;-0.04;-2.96;-3.79;-3.57;-1.95;-2.17;-0.27;-2.22;-2.66;-1.16;-2.43;-1.65;-0.88;-5.98;-4.44;-4.52;-4.09;-3.83;-4.26;1.92;0.95
196706;15.53;9.57;11.81;12.01;9.89;9.98;5.96;7.29;9.14;5.62;4.55;7.99;3.7;4.65;3.39;2.75;1.98;3.47;6.51;6.17;1.15;0.13;1.44;2.71;2.63;2.42;5.95;1
196707;9.12;9.61;9.32;7.03;11.74;5.85;6.5;8.83;9.24;8.08;5.06;4.85;5.64;7.08;11.13;4.48;4.34;4.92;6.82;8.81;4.14;5.31;1.83;5.55;6.14;4.6;3.09;2.66
196708;-1.12;0.42;0.11;-0.09;1.79;-1.49;-1.62;0.3;0.21;0.72;-3.34;0.75;0.86;1.04;-0.57;-1.21;-1.28;-0.96;0.8;3.63;-0.89;-1.32;-1.74;0.15;1.03;-0.94;0.48;1.48
196709;11.33;9.69;8.03;7.29;4.54;4.78;5.57;7.1;5.07;2.66;5.34;1.96;2.4;4.16;2.45;3.32;1.22;2.21;3.21;0.11;3.49;2.8;2.97;1.3;-0.07;3.11;3.03;-2.38
196710;1.28;-4.43;-2.25;-1.77;-3.19;-1.16;-2.71;0.27;-3.19;-5.14;-3.89;-1.69;-3.72;-3.47;-3.11;-5.04;-5.89;-5.89;-2.94;-5.57;-0.74;-4.27;-3.26;-6.54;-6.9;-3.13;1.42;-3.33
196711;-1.42;3.21;-1.44;-1.7;-1.64;0.73;0.22;1.9;0.2;-0.06;2.33;0.26;0.26;-0.62;-1.46;3.11;0.01;-0.29;-0.47;-0.91;0.93;-0.03;-0.22;-0.91;-0.3;0.43;0.16;-1.7
196712;12.7;10.4;8.4;9.59;9.6;12.07;5.96;9;6.86;9.43;7.37;5.78;5.19;5.12;6.19;1.18;2.42;4.02;4.23;3.68;1.64;2.69;1.94;5.26;2.46;3.04;5.76;-0.49
196801;2.81;2.03;2.36;3.07;5.67;-4.98;-2.57;-0.81;0.65;1.73;-7.28;-1.44;-1.03;-1.11;2.82;-8.47;-0.24;-3.48;-0.24;-1.13;-6.72;-6.16;0.15;-2.68;-4.25;-4.03;3.92;4.77
196802;-10.47;-7.49;-5.69;-7.64;-5.67;-7.31;-6.65;-9.52;-3.92;-5.87;-7.29;-4.35;-3.06;-2.99;-5.12;-5.81;-3.85;-3.03;-5.41;-4.65;-3.39;-2.64;-2.47;-3.64;-2.29;-3.75;-2.93;1.22
196803;-1.93;-0.43;-0.6;-2.54;-0.39;-0.77;-2.33;-0.35;-1.67;-0.75;1.62;-0.76;-2.73;0.35;-0.75;-0.04;-0.57;-1.71;-0.15;-0.35;2.71;-1.78;-0.61;-2.17;1.65;0.13;-1.3;-0.51
196804;21.01;17.42;15.93;16.15;15.1;18.56;12.48;17.63;11.72;12.58;15.73;10.99;7.67;10.19;17.41;12.34;6.89;8.22;12.37;11.1;10.34;6.9;3;8.98;10.08;8.98;5.75;-1.15
196805;10.2;12.43;10.18;11.32;11.49;11.47;7.27;7.82;7.05;6.3;8.35;4.23;4.38;4.55;6.91;4.02;4.2;2.31;2.32;5.81;1.82;0.79;-1.21;-1.43;4.2;2.25;6.45;0.81
196806;-1.49;-0.56;1.18;1.16;-0.08;-1.57;1.33;-1.86;1.1;0.35;-2.45;2.42;3.01;1.46;0.59;-0.53;3.58;3.27;2.45;-2.88;-0.51;0.19;3.82;2.75;-2.03;0.72;-0.2;0.75
196807;-5.24;-5.06;-3.97;-2.03;0.21;-9.35;-4.48;-2.96;-0.74;-0.77;-6.39;-4.14;-3.95;-1.26;-0.67;-5.95;-4.12;-4.23;-1.67;-2.69;-5.76;-1.46;2.12;0.43;0.66;-2.68;-1.36;5.45
196808;4.18;5.37;3.91;4.37;4.32;1.15;2.97;2.91;0.94;6.66;2.56;2.66;2.75;1.85;4.54;1.45;0.8;1.59;1.32;2.76;0.68;0.32;1.49;1.23;2.48;1.38;2.33;0.98
196809;6.88;8.05;6.4;5.57;5.84;6.66;5.92;6.75;5.73;5.84;7.07;6.13;2.89;5.73;5.95;6.12;5.64;4.81;6.32;5.26;1.61;4.87;2.07;3.77;7.87;4.02;2.79;0.22
196810;-2.55;-0.47;1.12;0.04;1.21;-0.75;0.29;1.62;1.74;0.51;-0.65;2.11;2.73;2.07;0.38;-0.77;0.06;1.81;0.41;2.08;-2.18;1.7;1.54;3.29;0.71;0.46;-0.48;2.95
196811;6.41;7.28;5.72;6.25;6.6;9.66;8.68;7.74;8.6;5.46;7.95;6.65;7.72;9.21;7.31;6.42;7.49;6.76;6.78;8.07;5.85;2.44;5.5;4.13;3.38;5.43;2.35;-0.91
196812;3.57;1.91;0.1;-0.86;0.12;-0.53;0.19;-2.05;-3.44;-3.97;-3.03;-4.42;-1.65;-0.2;-3.3;-4.4;-4.95;-4.21;-2.22;-0.99;-5.77;-4.74;-3.42;-3.87;-3.46;-3.82;3.38;0.06
196901;-1.12;-2.65;-2.82;-1.84;-1.91;-3.22;-1.56;-2;0.58;0.11;-3.93;-1.63;-1.21;-1.52;-1.74;-2.63;-0.22;-0.5;-0.86;0.75;-2.68;-1.04;0.2;-0.89;1.09;-1.2;-0.8;1.57
196902;-12.93;-11.19;-9.38;-9.3;-9.12;-11.51;-8.55;-5.23;-7.76;-7.9;-9.85;-8.79;-6.6;-7.42;-6.25;-8.61;-8.01;-5.27;-7.87;-9.27;-3.81;-3.65;-5.39;-5.04;-6.68;-5.82;-3.9;0.93
196903;2.65;2.01;3.05;3.86;1.91;3.77;1.21;1.65;-0.1;4.95;1.53;1.96;0.55;2.02;2.28;4.33;-2.61;2.45;0.61;3.1;3.76;2.44;3.45;1.43;4.45;2.59;-0.28;-0.45
196904;0.69;-1.02;0.42;2.02;-0.4;1.02;0.64;0.84;-1.11;4.15;1.78;-0.49;-0.23;1.53;-0.05;2.22;1.85;0.15;-1.77;1.61;3.19;0.6;0.36;2.46;0.29;1.52;-0.85;0.06
196905;0.54;0.33;0.45;0.43;-0.12;-2.44;-2;-1.32;-0.57;0.01;-0.42;-0.06;0.9;1;-2.37;-0.74;-1.45;2.01;-0.18;-2.9;-0.97;0.26;0.18;0.95;0.15;0.02;-0.27;0.74
196906;-14.82;-13.43;-13.74;-13.32;-12.77;-12.69;-11.55;-9.77;-10.53;-11.45;-10.81;-9.9;-11.8;-10.22;-9.56;-7.61;-9.28;-8.58;-7.88;-9.06;-2.1;-7.32;-8.32;-7.15;-8.96;-7.25;-5.31;-1.15
196907;-13.49;-12.02;-11.52;-10.99;-8.45;-11.41;-10.49;-9;-7.69;-8.9;-10.49;-11.3;-7.04;-6.25;-8.15;-7.16;-8.65;-7.53;-6.07;-8.39;-4.57;-6.21;-6.82;-8.69;-6.17;-7.05;-3.27;1.36
196908;4.58;4.34;4.44;2.79;2.27;6.82;6.14;3.4;2.9;2.17;9.03;7.98;6.48;2.25;5.1;9.42;4.93;4.07;3.08;2.27;6.5;4.33;3.37;3.93;1.44;4.65;0.89;-3.83
196909;-3.44;-5.65;-5.78;-2.83;-4.06;0.73;-1.19;-2.4;-1.6;-2.04;-0.42;-0.55;-2.38;-2.72;-4.23;-0.03;-2.07;-3.07;-3.58;-4.26;-1.1;-2.88;-3.05;-6.31;-5.21;-2.88;1.2;-3.24
196910;13.73;11.82;8.55;7.34;5.73;10.38;7.63;6.47;5.86;6.37;8.44;6.18;6.83;7.93;6.29;8.35;6.68;7.72;5.6;4.64;5.36;4.84;4.02;1.6;3.18;4.96;3.78;-3.19
196911;-9.02;-7.73;-6.72;-6.56;-7.91;-4.25;-6.19;-3.59;-6.39;-5.84;-5.03;-4.92;-7.12;-3.78;-6.07;-2.65;-4.38;-3.76;-5.82;-6.41;-1.91;-3.96;-4.32;-5.04;-2.46;-3.74;-2.58;-1.15
196912;-8.78;-8.03;-6.69;-8.86;-9.29;-4.93;-6.6;-7.97;-7.18;-6.67;-3.61;-2.28;-4.81;-5.34;-5.74;-0.21;-4.92;-2.55;-2.43;-4.66;0.33;-2.36;-2.12;-2.45;-5.91;-2.61;-3.65;-3.01
197001;-5.4;-4.01;-4.77;-3.07;-0.49;-7.58;-7.33;-2.72;-4.68;-2.4;-10.15;-7.19;-8.73;-4.33;-4.02;-8.54;-11.99;-8.35;-6.78;-6.6;-9.1;-7.64;-8.86;-10.27;-4.86;-7.93;2.91;3.03
197002;1.69;2.81;3.3;2.56;3.67;2.1;2.28;2.12;7.56;6.44;3.42;1.71;5.3;4.84;6.78;3.68;4.27;6.03;8.29;6.32;2.95;5.23;8.44;6.28;7.53;5.05;-2.44;3.92
197003;-7.13;-5.81;-3.1;-0.26;-1.86;-6.44;-3.34;-0.67;-0.72;0.12;-4.38;-1.15;-1.78;1.33;0.51;-4.74;-0.39;0.89;0.32;2.09;-2.99;-0.37;2.29;0.0700000000000001;1.02;-1.04;-2.39;4.15
197004;-24.58;-19.35;-15.45;-13.48;-12.52;-22.69;-17.7;-15.2;-11.41;-11.66;-20.81;-14.63;-13.74;-9.15;-11.33;-16.21;-15.41;-10.3;-10.18;-9.91;-11.03;-8.68;-9.53;-7.49;-8.5;-11.03;-6.12;6.3
197005;-10.62;-10.69;-9.71;-8.65;-10.98;-13.47;-8.85;-10.94;-8.82;-8.69;-11.72;-11.3;-13.65;-7.47;-8.1;-11.54;-10.21;-8.02;-7.98;-9.07;-8.55;-6.25;-5.69;-0.58;-4.54;-6.96;-4.51;3.51
197006;-12.88;-9.26;-7.84;-8.86;-6.61;-10.92;-7.4;-8.46;-7.62;-6.64;-9;-4.83;-7.46;-5.2;-7.55;-3.09;-5.74;-4.34;-3.69;-10.49;-6.87;-4.8;-4.3;-2.64;-8.8;-5.69;-2.13;0.82
197007;4.54;4.57;4.68;6.17;3.24;6.4;7.01;4.87;10.18;7.28;7.01;6.37;9.03;4.99;6.53;5.56;8.87;7.7;8.53;10.5;3.98;7.74;8.5;10.13;5.62;6.9;-0.55;1.01
197008;4.86;5.89;6.23;6.2;5.89;9.23;8.68;5.64;7.24;4.01;5.29;7.23;6.09;4.68;7.17;3.87;7.69;3.45;4.91;6.33;3.55;4.68;3.88;4.35;5.67;4.47;1.51;1.26
197009;21.52;16.07;15.51;11.12;11.03;17.57;17.99;9.74;6.76;9.06;14.63;9.43;8.53;4.52;5.46;8.98;5.63;4.35;3.18;7.27;6.55;-0.19;-0.76;-0.28;3.85;4.21;8.73;-5.62
197010;-11.66;-7.75;-11.71;-6.69;-5.6;-4.93;-8.41;-6.59;-4.31;-4.87;-6.32;-4.61;-6.62;-3.1;-4.89;-3.01;-3.95;-3.75;-3.85;-6.76;-0.59;-1.43;-4.04;-0.33;-4.23;-2.28;-4.23;0.22
197011;-5.04;-2.63;-2.52;-0.1;-0.17;0.37;0.83;2.37;5.27;3.39;2.47;2.7;4.08;4.51;1.36;4.42;2.6;5.86;8.01;4.11;4.65;6.37;4.57;5.48;5.22;4.58;-4.04;1.73
197012;6.54;7.18;10.02;11.15;10.19;8.33;7.79;7.97;8.95;9.26;5.85;9.13;10.2;7.52;8.28;5.61;10.17;8.18;9.51;7.38;4.32;5.34;7.27;4.58;6.49;5.65;2.92;0.96
197101;14.63;13.48;15.95;13.64;15.62;7.16;12.69;12.82;10.52;12.7;7.87;8.3;10.69;7.39;8.22;4.94;6.71;4.67;8.29;13.65;3.65;3.97;2.92;2.62;3.65;4.82;7.48;1.53
197102;7.82;7.02;5.52;2.99;3.8;3.67;3.39;2.59;1.01;0.56;3.74;1.42;2.09;0.95;1.55;3.4;2.55;-0.06;2.85;0.76;1.98;0.04;0.3;0.17;0.92;1.36;1.87;-1.38
197103;7.72;4.55;7.77;6.36;4.68;7.66;6.42;5.26;4.07;1.09;10.11;9.03;3.18;2.94;4.78;6.45;5.88;4.47;2.02;3.44;5.42;2.53;4.53;1.18;2.2;4.18;2.58;-4.01
197104;0.4;3.1;1.64;2.39;1.61;1.95;2.22;2.05;3.32;6.75;5.91;4.39;4.62;1.75;7.69;2.86;2.79;1.62;3.74;9.07;3.24;5.46;0.43;2.28;5.87;3.05;-0.43;0.93
197105;-6.97;-5.34;-7.6;-5.2;-6.86;-3.76;-5.81;-5.17;-4.92;-4.76;-4.86;-2.9;-5.21;-3.99;-3.5;-2.35;-3.7;-4.41;-3.35;-4.7;-2.75;-4.63;-4.39;-5.34;-3.94;-3.93;-1.08;-1.28
197106;-0.88;-3.99;-2.98;-1.43;-2.57;3.68;-2.69;-0.01;-2.39;-3.73;-2.06;1.59;-1.81;-2.24;-2.61;0.98;0.67;2.03;0.29;-4.52;0.82;-1.25;-0.73;0.51;-0.65;-0.06;-1.43;-2.14
197107;-8.96;-8.65;-7.74;-6.33;-6.31;-6.81;-5.12;-4.34;-6.77;-6.14;-8.42;-4.91;-3.44;-5.97;-6.57;-3.92;-4.59;-4.27;-4.53;-8.52;-4.3;-4.73;-3.49;-3.83;-5.89;-4.43;-1.48;0.01
197108;2.84;3.84;2.49;4.07;5.18;3.61;6.6;3.04;5.39;7.32;6.08;4.32;1.63;6.82;8.09;6.45;3.82;1.72;3.02;9.17;4.86;4.38;-1.65;1.53;13.12;3.78;-0.14;2.66
197109;1.02;1.62;-0.43;-1.03;-2.74;1.73;-1.55;-2.44;-2.09;-3.2;0.76;0;-1.14;-1.43;-3.83;1.51;-1.32;-0.69;-0.46;-5.02;-0.09;-1.56;-1.65;-1.81;-2.52;-0.87;0.45;-2.94
197110;-8.1;-7.25;-7.6;-4.74;-7.63;-6.33;-5.69;-3.67;-4.55;-7.03;-8.36;-6.66;-3.63;-4.92;-6.22;-3.71;-3.62;-2.64;-5.92;-6.43;-3.91;-6.37;-3.43;-3.12;-4.39;-4.44;-1.77;-0.51
197111;-3.76;-6.05;-4.39;-4.78;-5.94;-2.26;-2.57;-1.98;-2.98;-3.11;-2.29;-1.43;-1.32;-4.71;-5.73;0.12;-2.25;-2.99;0.17;-4.24;0.68;0.3;-0.19;-0.9;-0.09;-0.5;-2.89;-1.67
197112;14.24;13.67;10.57;11.37;12.96;12.7;13.71;12.62;10.7;12.28;13.75;9.2;9.93;11.46;12.65;11.82;9.54;8.4;7.76;12.05;8.02;9.46;8.16;6.55;8.57;8.76;3.37;-0.26
197201;12.78;13.23;10.92;10.78;14.59;9.11;6.14;5.63;6.23;10.74;5.77;3.64;2.58;5.86;8.01;2.6;1.65;1.23;2.86;7.98;2.4;0.35;-0.99;0.51;6.09;2.55;6.1;2.13
197202;2.71;5.15;3.66;4.29;3.29;4.84;4.15;4.25;1.32;3.87;6.63;3.67;2.11;-0.89;1.44;5.41;1.56;-0.16;1.84;-0.09;4.41;2.12;1.01;0.07;-0.19;2.88;1.37;-2.84
197203;2.72;-0.36;-2.23;-1.76;-0.73;1.62;1.52;-1.36;-0.26;-1.87;2.17;0.92;1.89;-0.02;-2.03;0.85;-0.5;2.57;1.45;0.65;2.29;0.13;-3.29;-2.21;2.59;0.6;-0.28;-1.68
197204;-1.52;0.23;-1.59;1.21;0.74;-0.59;0.55;2.22;1.71;1.4;1.31;-0.94;-0.54;0.37;0.39;-0.97;-0.99;-0.55;0.86;3.37;0.69;0.89;-0.03;-0.17;-1.38;0.26;0.01;0.39
197205;-1.73;-2.01;-4.66;-2.43;-2.6;-0.8;-1.94;-2.29;-3.7;-1.75;0.91;-2.06;0.49;-1.35;-3.77;3.22;-1.78;-1.8;-0.47;0.3;2.96;-0.8;2.62;0.71;-2.97;1.34;-2.77;-2.71
197206;-4.54;-4.95;-3.95;-3.3;-4.05;-4.71;-2.37;-1.75;-1.68;0.49;-0.4;-2;-4.55;-4.57;-6.3;-4.53;-2.11;-2.54;-4.76;-8.04;-0.99;-3.72;-2.96;-2.6;-6.96;-2.38;0.36;-2.4
197207;-7.47;-5.28;-4.35;-3.59;-3.15;-5.57;-5.15;-3.9;-2.05;-4.17;-3.56;-1.92;-3.56;-0.93;-1.16;-3.84;-4.65;-2.31;-0.43;-2.4;1.32;-1.49;-0.24;-1.58;-2.3;-0.74;-2.86;0.72
197208;-1.85;-2.91;0.39;-0.33;1.99;-0.87;-1.96;1.9;1.2;4.63;0.01;1.9;2.8;4.96;3.88;-0.32;2.54;4.91;4.93;6.78;0.45;6.55;6.84;8.71;5.77;3.31;-4.09;4.62
197209;-5.46;-5.14;-5.05;-4.13;-4.57;-3.76;-3.89;-2.52;-2.73;-3.65;-2.02;-2.82;-1.46;-2.2;-2.95;-2.15;-3.55;-0.78;-2.7;-4.34;-0.17;-2.1;-2.1;1.62;-4.37;-1.11;-2.67;0.48
197210;-3.58;-3.79;-3.04;-2.36;-2.33;-4.48;-0.72;0.97;0.29;-1.09;-3.12;-1.27;1;0.25;0.06;-2.03;-0.51;1.11;1.9;-1.36;0.62;0.61;1.67;1.97;1.14;0.47;-2.71;1.36
197211;-0.75;3.61;4.13;5.55;5.55;4;4.55;6.97;4.01;7.41;2.65;3.81;6.17;7.28;6.78;6.24;7.52;6.48;6.55;10.68;1.19;6.31;6.44;7.65;13.74;4.61;-1.13;4.78
197212;-2.29;-2.75;-3.19;-3.02;-1.91;-1.02;-3.08;-0.3;-3.84;-2.63;0.63;-0.73;-1.01;-1.47;-2.78;0.19;-1.66;-1.12;-2.14;-4.78;3.37;-0.47;-1.13;-0.33;-3;0.75;-1.87;-2.3
197301;-8.66;-5.41;-3.78;-4.02;-1.82;-10.99;-5.97;-6.98;-3.22;-6.3;-7.93;-7.88;-6.38;-4.27;-5.07;-6.86;-7.98;-6.06;-3.88;-4.69;-2.03;-4.42;-1.44;0.17;-4.58;-3.2;-3.51;2.7
197302;-14.31;-9.22;-9.05;-8.62;-6.41;-14.45;-8.34;-8.1;-6.16;-6.01;-11.37;-8.63;-8.39;-3.38;-7.36;-8.8;-8.31;-4.81;-4.09;-2.48;-2.6;-3.47;-5.32;-6.29;-3.68;-4.86;-3.98;1.71
197303;-7.36;-4.66;-3.03;-1.43;-2.3;-5.36;-3.03;-3.06;-2.5;-0.61;-5.36;-4.85;-2.39;-2.14;-1.04;-4.38;-4.63;-2.45;-2.59;0.36;-1.2;-1.4;1.35;1.42;1.27;-1.25;-2.91;2.79
197304;-12.41;-10.42;-7.41;-6.68;-6.03;-14.72;-9.83;-6.44;-4.63;-5.3;-11.75;-6.85;-4.43;-4.16;-4.6;-11.44;-8.91;-3.2;-3.45;-5.16;-6.37;-3.83;-2.68;-1.21;-3.13;-5.7;-4.03;5.65
197305;-11.67;-11.52;-9.26;-8.32;-8.71;-11.64;-9.88;-8.19;-6.89;-9.67;-9.65;-8.56;-5.36;-3.39;-7.35;-7.58;-8.45;-2.74;-2.98;-5.06;-0.27;-1.6;-1.48;-3.78;-6.04;-2.96;-6.12;0.17
197306;-5.86;-4.63;-5.01;-3.58;-2.91;-7.19;-4.56;-3.36;-2.57;-2.05;-7.03;-3.27;-2.32;-1.38;-3.43;-5.12;-4.44;-3.36;-1.5;-4.24;-0.84;-0.87;0.19;-1.2;-2.61;-1.38;-2.96;1.4
197307;18.42;15.37;11.58;12.89;9.74;21.63;13.04;10.22;6.57;9.26;18.31;9.05;6.36;1.32;7.07;14.67;8.89;6.32;2.42;8.28;4.82;4.82;-0.75;1.43;2.99;5.07;7.96;-5.31
197308;-6.08;-7.77;-6.5;-6.62;-5.25;-3.61;-7.84;-5.46;-5.84;-4.64;-3.89;-5.06;-4.73;-3.18;-1.47;-3.39;-1.66;-2.8;-3.8;-0.81;-4.16;-3.13;-4.4;-3.07;0.1;-3.67;-2.14;1.22
197309;11.06;10.16;5.95;7.24;6.23;10.36;10.91;10.93;6.46;9.61;10.57;9.36;9.56;7.98;9.81;9.38;11.19;10.91;9.09;9.84;-0.77;7.09;8.06;7.95;7.6;4.72;2.89;2.14
197310;-3.49;-0.32;-0.01;-0.24;0.72;-4.03;-3.41;0.99;0.32;0.75;-4.18;1.63;-0.37;-0.88;0.71;-3.63;-2.42;0.63;-1.08;1.14;-0.16;-1.35;-0.4;-3.67;1.68;-0.68;-0.21;1.76
197311;-25.48;-22.28;-19.66;-17.42;-18.59;-24.02;-20.6;-19.57;-16.45;-16.41;-23.46;-18.81;-16.68;-12.82;-16.64;-20.34;-17.81;-14.93;-12.65;-15.44;-11.19;-13.28;-11.47;-6.88;-9.11;-12.64;-7.75;3.99
197312;-4.61;-5.5;-5.16;-3.47;-4.78;-1.29;-4.7;-1.49;-1.95;-1.51;-2.28;0.36;0.02;0.36;1.72;-1.26;2.06;6.08;2.24;5.94;-2.55;0.24;6.6;4.46;9.48;0.5;-5.31;4.05
197401;9.68;13.67;14.54;11.78;18.26;3.87;9.99;9.1;10.28;12.75;5.07;3.62;7.91;6.83;10.93;-2.29;1.48;2.29;7.1;4.85;-2.58;0.01;-3.47;0.04;-0.21;-0.19;9.79;5.88
197402;-0.95;-1.91;-0.74;-0.99;0.48;-0.18;0.47;0.64;1.19;3.55;-3.29;-0.6;1.02;-0.11;1.76;-3;0.25;1.83;1.23;2.91;-1.81;1.23;-1.52;2.29;2.95;-0.35;-0.06;2.51
197403;-0.37;-1.46;-0.0700000000000001;0.88;1.36;-2.17;1.47;-2.08;-1.51;0.08;-2.18;-1.84;-3.79;-1.96;-1.56;-3.13;-4.05;-5.29;-3.49;-2.79;-2;-4.1;-2.84;-4.07;-5.07;-2.9;2.41;-0.08
197404;-5.46;-6.66;-5.93;-6.26;-4.89;-9.01;-7.29;-6.52;-4.78;-4.19;-6.99;-7.85;-5.33;-6.74;-3.11;-7.92;-7.73;-6.72;-7.43;-2.35;-3.57;-4.99;-5.78;-6.71;-6.4;-5.35;-0.82;0.96
197405;-9;-8.35;-8.9;-7.61;-6.85;-7.28;-8.28;-8.38;-7.99;-8.2;-7.78;-10.3;-7.4;-7.76;-9.05;-7.24;-9.42;-6.12;-6.77;-7.98;-1.41;-4.29;-6.33;-4.01;-8.87;-4.95;-2.94;-2
197406;-4.06;-3.81;-2.97;-2.83;-2.06;-4.39;-3.92;-3.43;-1.23;-1.05;-4.99;-3.3;-4.1;-5.14;-1.06;-3.59;-4;-3.4;-5.21;-5.03;-2.14;-3.33;-2.38;-2.64;0.47;-2.89;-0.16;0.8
197407;-9.54;-6.25;-5.93;-5.36;-4.61;-7.95;-4.53;-5;-4.33;-3.4;-7.42;-3.11;-2.83;-3.83;0.46;-9.18;-6.69;-3.02;-1.54;-1.5;-11.59;-4.85;-4.34;-4.81;-5.8;-7.79;0.86;5.17
197408;-10.5;-8.84;-8.14;-8.1;-7.5;-9.97;-11.72;-6.94;-8.31;-5.96;-11.6;-10.98;-7.28;-7.5;-7.44;-12.26;-9.29;-8.93;-7.01;-6.76;-10.56;-8.18;-5.14;-8.47;-9.24;-9.38;-0.7;2.61
197409;-14.06;-9.14;-7.74;-7.73;-9.2;-12.76;-7.82;-8.84;-8.5;-8.09;-13.85;-9.58;-7.68;-5.45;-7.3;-12.27;-7.92;-5.8;-6.9;-8.93;-15.68;-10.71;-5.71;-6.05;-7.44;-11.78;0.31;5.5
197410;14.74;6.66;6.37;7.32;8.75;15.96;10.41;6.99;7.12;6.18;18.13;10.21;6.55;8.05;9.49;20.55;12.52;11.02;9.21;9.84;21.73;13.35;12.68;10.07;0.8;16.05;-3.4;-9.8
197411;-6.38;-6.1;-5.59;-5.76;-7.27;-5.96;-5.05;-4.48;-5.82;-7.39;-4.96;-4.59;-3.52;-4.69;-2.49;-2.71;-0.99;-1.93;-4.16;-7.14;-5.09;-3.74;-4.58;-2.91;-4.65;-4.64;-1.21;-0.17
197412;-7.69;-8.8;-8.05;-8.2;-9.79;-7.28;-6.86;-6.49;-7.53;-6.6;-6.3;-4.99;-4.87;-5.8;-7.96;-5.17;-3.2;-4.78;-2.56;-10.35;-4.52;-0.36;0.6;-1.8;1.18;-3.4;-4.83;0.06
197501;25.98;28.97;27.62;27.24;32.47;20.79;25.68;25.76;27.07;29.52;18.47;24.4;21.36;22.82;28.11;14.73;20.06;23.43;23.35;27.32;8.69;13.38;13.49;19.28;15.08;13.58;10.96;8.24
197502;6.52;4.91;2.72;3.03;4.42;8.83;6.17;1.12;3.63;1.69;6.89;2.59;2.4;4.27;4.66;6.24;2.2;1.48;2.46;2.1;9.14;2.32;3.33;1.79;-3.67;5.41;0.18;-4.44
197503;8.61;10.37;8.63;7.49;9.47;5.96;6.39;6.72;5.69;7.96;5.47;6.49;3.4;6.89;5.08;5.52;5.95;4.94;4.85;3.8;2.26;1.41;-1.7;5.87;5.74;2.61;3.8;2.5
197504;6.09;5.94;3.78;2.44;2.33;6.47;3.56;2.36;0.96;3.78;5.01;4.89;4.51;3.42;2.62;6.58;2.71;2.07;5.03;4.07;5.28;4.33;0.32;5.05;4.58;4.21;-0.51;-1.24
197505;11.27;10.68;7.98;7.33;6.42;11.76;7.37;6.59;7.47;7.11;4.94;7.72;3.88;7.8;0.41;7.31;5.45;5.02;3.81;4.81;4.65;8.04;4.24;-0.79;0.52;5.07;3.87;-4.15
197506;5.64;7.3;7.05;8.51;7.25;9.03;6.7;6.49;8.04;2.79;5.31;4.72;6.79;5.62;4.55;4.72;7.41;6.69;10.08;7.75;3.06;6.73;4.48;6.39;7.02;4.74;0.75;1.34
197507;-2.01;-0.3;-2.15;-0.69;-1.08;-3.89;-3.69;-3.15;-4.17;-4.51;-5.74;-3.73;-4.07;-4.58;-6.45;-7.75;-6.95;-4.55;-4.71;-7.32;-8.62;-4.61;-4.96;-6.16;-2.03;-6.52;2.67;1.65
197508;-7.5;-6.88;-5.35;-5.83;-8.18;-4.97;-4.48;-5.63;-4.57;-8.82;-4.47;-3.93;-3.94;-4.65;-6.12;-4.89;-4.04;-3.15;-2.85;-1.17;-2.43;-2.27;-2.28;1.82;-4.94;-2.84;-3.23;-0.86
197509;-5.89;-2.92;-3.76;-3.44;-4.44;-3.96;-4.46;-4.02;-3.91;-5.4;-5.88;-3.46;-4.43;-4.77;-4.56;-5.04;-3.56;-4.25;-3.68;-4.98;-5.16;-1.88;-2.92;-4.91;-5.88;-4.33;-0.06;0.4
197510;0.95;0.86;2.14;2.23;0.39;1.5;3.6;0.85;3.2;3.81;1.37;3.28;3.04;4.11;-0.19;5.13;5.38;6.58;4.55;6.37;6.61;5.08;3.87;6.19;3.34;5.03;-4.04;0.3
197511;-0.35;1.53;1.5;2.08;3.27;-0.38;2.82;1.42;3.79;3.48;1.53;2.24;4.28;3.77;0.69;2.54;3.63;3.49;7.35;5.63;2.85;1.83;2.57;2.5;4.27;2.71;-1.21;2.03
197512;-1.39;-1.8;-1.54;-1.51;-1.92;-2.99;-2;0.25;-1.19;-2.52;-1.42;-1.24;0.21;-0.5;2.58;-2.91;0.19;-0.54;-0.83;-1.26;-3.08;0.42;-0.19;0.19;4.77;-1.58;-0.79;1.76
197601;15.39;16.53;20.67;22.1;26.38;12.48;16.13;16.52;20.94;26.35;15.74;14.81;16.47;18.17;21.81;12.26;13.15;15.67;18.16;22.13;10.68;8.95;13.66;16.7;14.69;12.13;4.8;8.57
197602;9.5;7.17;10.1;11.85;15.69;6.94;6.2;7;8.13;11.18;3.61;3.34;5.14;7.26;12.92;0.4;2.78;3.84;5.02;3.6;-2.67;1.11;-1.14;-1.21;9.1;0.39;7;5.81
197603;3.15;1.84;1.48;0.3;1.28;0.7;0.34;-0.02;0.9;2.15;0.53;0.51;1.5;1.68;1.54;0.49;1.89;0.59;1.01;6.4;2.74;3.23;3.01;2.32;-1.41;2.28;-1.16;-0.11
197604;-1.83;-1.22;-3.11;-1.59;-2.14;-1.5;-2.04;-1.01;-1.37;-2.27;-1.93;-0.39;-0.99;-1.26;-0.91;-2.03;-1.82;-0.88;-2.33;-4.15;-2.69;-0.17;1.37;0.29;0.72;-1.46;-0.05;-0.07
197605;-2.2;-2.09;-1.76;-3.98;-5.25;-1.1;-2.53;-1.21;-2.97;-4.71;-2.08;-1.74;-2;-1.69;-3.47;-2.72;-1.53;-1.3;-3.83;0.86;-1.43;0.18;-1.21;-2.7;1.01;-1.31;-1.26;-1.32
197606;3.7;1.92;1.67;2.66;1.48;2.04;2.63;3.31;2.95;5.84;4.09;4.88;6.16;4.21;7.7;3.67;4.48;6.72;7.55;3.48;3.87;3.59;5.21;5.5;2.51;4.02;-1.34;0.78
197607;-1.49;-2.44;0.22;-0.78;0.69;-1.45;-0.54;2.22;-0.36;0.94;-2.01;-1.27;-0.09;0.3;-0.32;-2.01;0.1;-0.00999999999999995;1.21;1.17;-2.08;-0.28;-0.25;-1.16;2.23;-1.09;0.28;1.74
197608;-4.73;-1.99;-1.59;-1.84;-1.96;-4.74;-2.24;-3.12;-1.56;-1.72;-3.04;-1.75;-1.46;-0.67;-4.46;-3.08;0.04;1.14;-1.6;0.24;-0.68;0;1.49;-1.21;0.35;-0.56;-1.97;0.83
197609;1.85;1.47;0.59;1.75;1.48;3.72;4.07;2.18;2.95;1.44;3;2.55;2.15;2.37;0.45;1.81;1.61;2.44;2.49;0.83;1.18;3.96;2.86;3.45;-1.54;2.01;0.01;-0.32
197610;-3.16;-1.95;-2.02;-1.95;-2.77;-3.25;-3.75;-2.68;-1.76;-1.71;-3.83;-0.04;-1.9;-1.48;-4.08;-2.64;-1.81;-1.57;-2.02;-2.85;-2.79;-2.91;-1.08;-3.75;-4.54;-2.45;0.16;-0.18
197611;5.22;2.95;1.56;2.16;2.46;2.75;3.09;2.46;3.86;4.69;3.35;2.95;2.97;3.95;6.7;4;2.86;2.88;1.79;1.17;-1.97;-0.26;1.65;1.43;3.58;0.14;2.35;1.49
197612;10.35;9.09;9.18;10.59;9.56;8.78;8.57;9;8.98;10.97;5.39;9.11;8.31;7.87;7.88;5.68;6.64;7.1;9.01;9.09;3.46;6.89;5.23;7.25;7.77;5.76;2.98;2.27
197701;2.59;3.91;2.28;4.13;5.48;-0.64;1.92;0.18;1.52;3.1;-2.62;-0.43;0.77;0.71;0.26;-4.53;-3.05;-2.9;-0.5;1.37;-8.2;-3.7;-1.33;-2.09;0.04;-3.99;4.81;4.29
197702;-0.73;-0.76;-0.78;-0.77;0.09;-2.01;-1.29;-0.79;-0.28;-2.01;-4.48;-1.17;-2.7;-0.00999999999999995;-3.91;-3.36;-2.22;-2.39;-2.11;-2.42;-1.55;-3.64;-1.1;-2.34;-1.89;-1.93;1.06;0.45
197703;-0.25;-0.19;1.13;1.1;0.91;0;-1.02;1.25;-0.49;-1.2;-0.43;1.01;-0.65;-0.13;-0.08;-2.24;-0.08;0.44;0.02;4.71;-2.07;-2.2;-1.62;-1.07;-0.64;-1.3;1.03;1.09
197704;1.01;-0.2;1.47;2.25;2.16;0.8;1.36;0.94;1.86;2.52;0.11;0.42;1.57;2.24;1.9;-1.09;1.83;2.22;2.73;2.38;-2.55;1.78;1.03;3.74;5.33;0.12;-0.1;3.44
197705;-1.96;-0.7;0.05;-0.17;0.94;0.52;-1.26;-0.71;0.51;-1.95;-1.05;-0.33;0.27;0.33;-0.08;-0.82;-1.28;-0.35;-1.45;-1.5;-2.92;-1.2;0.31;-2.68;-2.41;-1.45;1.25;0.89
197706;5.43;6.04;6.66;5.21;6.86;8.23;6;6.03;5.22;9.3;8.57;5.88;5.77;4.21;5.88;6.05;4.57;4.44;4.33;5.85;5.58;3.56;2.65;4.45;1.94;4.74;2.18;-0.62
197707;0.75;0.52;0.69;0.21;0.79;-1.71;-0.38;-1.17;0.24;-0.16;-0.35;-0.5;-1.72;-1.59;-1.22;-1.5;-3.57;-1.15;-1.46;-4.8;-1.71;-3.28;-1.11;-0.55;-5.58;-1.7;2.12;-0.59
197708;0.71;-0.47;-1.1;-1.76;-2.15;0.18;-1.13;-2.16;-1.24;-2.03;1.27;-1.66;-1.29;-0.91;-1.64;-1.97;-1.46;-2.44;-2.56;-4.2;0.63;-3.9;-3.45;-5.3;-4.67;-1.78;1.54;-2.74
197709;1.79;1.58;0.61;1.46;0.89;0.87;0.52;1;0.07;-1.85;1.54;1.12;0.84;-0.22;-0.39;0.58;-0.33;0.38;0.27;-1.48;-1.31;-1.32;1.86;0.01;-0.55;-0.27;1.44;-0.51
197710;-5.12;-3.13;-2.74;-1.82;-2.61;-5.74;-3.09;-4.36;-0.3;-2.2;-4.1;-2.66;-2.92;-2.93;-3.15;-4.57;-3.52;-3.31;-4.66;-5.37;-5;-4.57;-5.56;-3;-4.11;-4.42;1.29;1.76
197711;8.94;8.24;7.68;6.47;8.49;7.88;9.11;8.3;6.53;7.71;6.24;7.12;5.53;5.73;8.18;6.76;5.6;5.03;6.58;6.67;3.1;2.81;2.54;2.47;4.51;4.04;3.69;0.35
197712;4.15;3.18;1.97;2.3;1.26;2.57;1.34;0.12;0.08;1.06;1.08;0.21;1.38;0.47;0.71;-0.14;0.45;-0.02;-0.62;-1.09;-0.45;0.6;0.69;-0.09;0.82;0.33;1.37;-0.32
197801;-1.73;-3.67;-2.02;-1.69;-0.28;-5.85;-6.2;-3.03;-2.32;-2.91;-7.41;-5.75;-3.85;-4.05;-1.14;-6.47;-6.79;-6.01;-4.76;-2.19;-6.76;-7.68;-5.96;-5.44;-3.62;-6.01;2.22;3.3
197802;2.63;2.69;3.49;2.72;3.08;1.24;1.18;0.41;1.79;0.12;0.13;1.19;0.14;0.22;1.04;-1.83;-1.06;-1.14;0.43;-2.72;-3.66;-1.91;1.81;-1.46;-4.05;-1.39;3.61;0.87
197803;7.68;6.92;7.47;6.37;7.62;5.56;5.46;6.98;5.94;6.98;5.04;5.16;4.35;3.94;7.65;4.42;4.29;4.22;4.16;4.32;0.69;3.3;2.65;2.37;3.19;2.87;3.41;1.23
197804;9.77;8.28;7.93;6.66;7.93;9.54;6.76;7.85;6.75;5.91;9.41;8.06;7.09;4.56;5.95;8.06;6.76;4.94;5.32;8.02;11.31;8.18;4.05;4.53;4.88;7.74;0.37;-3.47
197805;8.02;6.01;8.29;5.81;7.48;6.6;6.94;4.38;3.61;4.94;5.75;4.82;5.15;1.57;3.59;4.31;3.26;1.03;1.6;3.24;0.83;0.83;-0.52;0.59;1.46;1.81;4.63;-0.59
197806;0.36;-0.11;-0.16;-0.4;-0.25;-1.76;-3.16;0;2.94;-0.76;-1.18;-1.46;0.21;0.43;0.62;-1.56;-1.17;-0.58;0.02;-1.18;-1.73;-3.63;-2.51;-2.3;-1.15;-1.62;1.74;0.56
197807;6.33;5.61;5.5;4.26;4.13;7.41;5.28;4.55;4.54;7.81;6.18;4.34;3.76;3.88;3.13;5.39;5.13;5.8;5.34;9.4;7.1;4.28;3.04;3.83;4.01;5.11;0.29;-1.14
197808;9.23;9.07;7.83;7.37;9.7;8.71;7.18;8.71;6.75;8.88;7.41;7.91;6.05;4.31;9.55;7.32;5.53;3.78;3.37;2.28;2.01;2.77;3.92;2.33;-0.36;3.69;5.08;-0.47
197809;-1.72;-0.27;-2.5;-0.72;-0.42;-2.39;-2.15;-2.05;-0.29;-2.37;-3.84;-1.38;-2.03;-0.95;-1.51;-3.95;-2.77;-0.08;-0.55;-1.79;-3.8;-0.5;1.35;-0.26;0.27;-1.31;-0.41;1.89
197810;-27.59;-24.1;-22.45;-19.45;-21.99;-25.57;-19.8;-19.12;-15.78;-19.69;-19.92;-19.43;-14.66;-15.09;-20.02;-16.4;-13.95;-14.2;-12.65;-15.48;-9.04;-9.98;-7.85;-9.91;-12.75;-11.78;-9.95;1.37
197811;8.05;7.26;6.08;3.67;3.5;10.89;4.75;3.79;2.23;5.26;6.41;4.44;3.41;2.38;1.99;3.8;1.92;3.04;0.75;2.05;1.93;1.63;3.04;2.94;1.83;2.68;3.1;-2.19
197812;2.63;2.45;1.59;0.34;-0.0800000000000001;2.24;2.75;0.8;1.72;1.32;2.27;0.91;-0.36;0.59;2.9;0.25;0.82;0.68;-0.29;-0.54;2.68;0.11;-0.23;-0.61;-1.48;0.99;1.27;-2.12
197901;9.39;9.26;7.56;9.83;11.06;7.74;7.52;7.41;6.71;9.14;6.19;6.37;6.73;6.33;9;4.97;4.34;5.51;7.59;5.44;1.71;4.2;3.48;4.56;6.9;4.18;3.66;2.17
197902;-3.7;-4.17;-3.21;-3.53;-2.14;-3.52;-3.87;-3.68;-4.04;-2.95;-5.64;-2.65;-2.92;-2.23;-1.61;-4.67;-4.32;-3.87;-4.05;-5.18;-4.71;-3.24;-2.86;-2.61;-3.62;-3.41;0.45;1.15
197903;11.38;8.71;7.15;6.38;7.67;11.66;8.3;7.65;6.53;7.58;10;8.54;6.12;8.19;12.13;6.95;6.88;6.28;7.09;8.9;4.21;5.26;4.18;5.35;5.65;5.75;3.2;-0.62
197904;2.36;2.16;1.48;2.16;2.66;0.85;2.21;1.31;2.23;1.31;0.5;0.47;1.44;1.14;3.27;1.37;-0.03;0.83;-0.6;1.07;-0.98;-0.1;-1.01;0.71;-1.92;0.05;2.19;1.08
197905;-3.51;-1.72;-2.49;-1.47;-1.97;-3.1;-2.59;-0.89;-1.18;-1.82;-4.42;-3.6;-1.07;-0.31;-3.06;-1.12;-2.21;-2.39;-1.4;-1.7;-2.94;-1.68;-2.11;-2.78;-2.15;-2.18;0.12;1.29
197906;5.27;4.86;4.6;3.7;4.59;6.61;5.16;3.28;4.86;7.81;2.82;3.99;5.46;5.58;5.69;4.28;6.49;5.69;7.05;5.19;1.46;3.9;4.25;5.75;2;3.88;1.14;1.45
197907;1.33;2.23;1.6;2.38;1.42;1.31;1.49;2.72;4.1;3.11;2.5;3.17;3.42;2.06;4.47;0.71;2.37;2.18;1.55;2.23;-1.11;0.72;0.8;0.46;2.95;0.73;1.29;1.79
197908;8.03;8.06;5.85;6.29;7.29;7.78;7.84;6.52;5.74;6.51;8.53;7.22;5.03;4.86;5.72;7.82;5.52;6.02;4.49;6.95;5.75;6.16;3.58;4.61;4.55;5.7;2.03;-1.58
197909;-0.9;-1.02;-2.47;-1.39;-1.8;-0.15;-0.08;-3.17;-2.54;-2.79;0.6;-0.94;-2.2;-3.76;-2.4;-1.04;-1.14;-0.95;-2.49;-2.57;-2.88;0.4;0.84;-0.0299999999999999;-0.25;-0.69;-0.27;-0.9
197910;-11.91;-10.72;-12.12;-10.32;-12.35;-10.14;-10.86;-12.56;-12.84;-12.38;-8.97;-9.24;-11.23;-8.36;-13.21;-8.36;-8.71;-9.14;-11.44;-11.39;-7.37;-6.18;-6.46;-8;-8.19;-8.14;-3.3;-1.88
197911;10.16;7.26;5.58;4.11;5.42;10.13;6.92;5.54;6.77;6.47;10.92;6.28;5.58;6.19;4.35;8.99;6.13;6.58;4.79;5.07;4.2;5.81;3.36;6.18;-0.03;5.37;2.79;-3.25
197912;10.5;7.08;5.17;5.81;4.26;7.62;5.33;4.87;2.64;4.04;4.7;2.52;1.73;1.09;7.09;3.91;3.06;1.3;1.18;3.14;1.08;2.52;-1;-0.15;1.4;1.87;4.13;-2.03
198001;12.07;9.06;8.56;7.83;10;6.04;6.92;5.23;4.08;8.06;4.63;5.72;6.1;5.65;8.14;6.86;5.09;5.82;-0.03;7.04;2.46;6.65;5.02;6.96;9.24;5.76;1.69;1.76
198002;-0.32;-1.25;-2.83;-3.09;-2.95;-2.23;-1.12;-3.63;-5.2;-2.15;-1.77;-4.4;-5.3;-5.21;-3.54;-3.15;-2.5;-3.92;-5.63;-2.61;-5.18;-0.1;3.25;0.65;1.78;-0.79;-1.8;0.59
198003;-23.34;-20.54;-18.74;-16.7;-18.79;-20.43;-17.65;-18.06;-15.97;-18.68;-17.03;-16.37;-17.49;-14.21;-20.05;-13.32;-15.3;-14.31;-12.62;-17.69;-7.33;-12.61;-10.97;-12.44;-14.14;-13.23;-6.64;-1.03
198004;5.04;4.98;5.49;3.78;4.85;4.84;3.56;5.05;6.62;2.88;5.68;5.96;5.92;8.06;4.46;3.58;5.45;6.08;7.26;5.65;1.69;2.25;4.19;6.57;1.54;3.97;0.95;1.06
198005;6.26;5.59;5.94;5.67;6.94;8.33;9.26;6.33;7.25;9.17;6.25;6.02;7.96;7;7.91;6.82;6.95;8.76;6.61;8.09;4.08;4.49;4.41;3.38;5.31;5.2;2.08;0.34
198006;4.39;2.77;3.47;3.69;4.73;3.72;6.08;3.39;4.84;1.53;4.69;5.27;3.19;4.22;2.01;5.33;3.08;4.08;2.52;4.11;1.62;3.43;1.42;4.12;-0.52;3.16;1.71;-0.87
198007;11.51;12.07;9.88;7.89;8.56;13.8;10.6;9.72;7.39;7.15;12.7;7.73;9.43;4.59;6.31;10.67;8.99;7.75;2.42;4.13;10.62;5.43;2.71;3;4.27;6.41;4.29;-6.22
198008;10.79;8.24;6.71;6.37;4.51;7.75;6.6;3.4;2.3;3.17;6.09;5.74;1.74;1.11;0.04;3.78;1.76;1.87;-0.45;-0.0700000000000001;1.36;0.35;0.68;1.38;-0.94;1.72;3.94;-2.64
198009;5.83;2.07;1.87;0.69;2.23;3.89;3.01;2.87;0.22;0.18;5.01;1.7;2.07;1.06;-2.39;5.25;3.53;0.62;-0.15;-0.51;2.35;4.98;2.79;-2.23;-0.91;2.2;0.92;-4.65
198010;6.61;4.63;3.35;2.65;1.26;5.85;1.11;-0.08;2.42;0.04;1.73;1.33;2.01;0.64;1.57;1.35;1.87;-1.83;-2.36;-1.36;-0.34;3.05;3.98;-2.79;-0.28;1.06;2.53;-2.7
198011;15.33;5.31;5;-0.22;0.76;12.69;6.36;3.68;5.6;2.01;10.79;6.1;2.32;1.81;1.04;11.94;13.38;3.34;2.2;-0.0399999999999999;9.68;13.17;18.12;4.23;2.63;9.53;-3.37;-8.44
198012;-7.54;-6.84;-5.06;-3.97;-4.84;-6.49;-3.89;-3.02;-2.94;-1.72;-5.18;-4.4;-2.01;-2.29;-2.06;-4.82;-5.9;-1.9;-0.87;-1.76;-1.22;-6.82;-7.13;-2.8;-1.32;-4.75;-0.32;2.66
198101;-5.5;-1.32;0.82;0.89;2.2;-5.95;-1.68;-0.83;0.94;1.95;-5.39;-2.54;-2.15;0.86;1.87;-7.88;-4.43;-1.82;-0.27;0.48;-7.17;-8.37;-7.62;-1;1.36;-5.05;2.96;6.82
198102;-4.39;-1.05;0.0599999999999998;1.07;1.4;-1.51;0.56;1.42;2.37;3;1.21;1.26;2.79;-1.05;0.32;0.36;1.85;3.16;0.67;2.47;2.2;1.1;-1.78;1.9;-1.58;0.48;-0.36;1.02
198103;6.12;8.2;7.48;7.95;6.08;6.83;7.01;6.45;6.73;6.44;6.45;6.36;6.29;7.61;6.68;7.72;5.1;7.8;6.24;6.54;1.74;2.02;-1.37;2.69;6.55;3.41;3.56;0.71
198104;1.91;3.6;2.5;3.68;4.46;0.55;2.62;2.43;2.8;2.84;1.02;2.32;0.37;0.0899999999999999;2.54;-1.02;-1.84;-0.55;-0.87;0.58;-3.83;-5.41;-4;1.3;-4.11;-2.21;4.41;2.26
198105;3.77;3.95;3;1.52;1.57;5.14;0.81;1.96;-0.81;1.13;1.01;2.44;1.74;0.4;3.77;2.31;0.49;1.17;-0.25;1.98;0.43;-3.24;-3.14;2.42;-0.0899999999999999;0.21;2.02;-0.39
198106;-8.49;-1.71;0.02;1.42;-0.23;-8.46;-2.01;-1.82;-1.42;0.4;-6.42;-1.42;-1.93;0.89;-3.18;-6.53;-2.99;-0.66;1.29;-1.76;-5.81;-0.2;1.99;-1.97;-0.65;-2.37;-0.86;5.09
198107;-5.83;-4.66;-4.05;-3.35;-3.55;-3.7;-4.82;-1.85;-2.73;-3.21;-2.58;-3.24;-4.13;-4.26;-1.55;0.69;-2.09;-3.75;-3.72;-4.54;0.49;1.35;-3.3;-3.43;-0.64;-1.55;-2.14;-0.57
198108;-13.99;-9.75;-8.55;-6.99;-6.26;-11.64;-9.4;-6.16;-6.52;-6.94;-9.85;-7.38;-6.66;-6.98;-4.74;-8.24;-7.5;-5.09;-6.57;-4.51;-7.42;-7.97;-7.04;-6.52;-1.67;-6.91;-1.95;4.83
198109;-14.72;-9.64;-8.72;-7.71;-7.56;-11.49;-8.12;-7.7;-4.42;-6.79;-10.41;-7.03;-7.51;-2.72;-5;-10.28;-9.48;-7.59;-4.97;-5.6;-7.62;-7.29;-7.51;-3.44;-0.76;-7.62;-2.66;5.2
198110;9.25;6.92;7.05;5.75;3.73;9.81;5.49;5.71;6.35;4.88;9.91;3.8;6.2;3.76;3.26;8.82;6.3;3.94;2.92;2.48;6.63;6.28;1.45;0.25;3.6;4.81;2.19;-4.16
198111;-2.31;1.31;2.75;1.63;2.99;0.31;4.47;3.52;5.08;4.38;-0.5;1.58;3.05;1.87;4.39;2.57;3.62;1.32;6.39;3.67;2.58;4.86;4.11;3.34;2.7;3.52;-0.99;1.86
198112;-4.87;-2.85;-1.47;-1.18;-2.01;-2.66;-1.2;-2.79;-3.28;-2.56;-2.65;-2.96;-1.8;-2.12;-4.02;-4.29;-3.18;-2.54;-3.14;-3.24;-3.8;-4.36;-4.66;-2.92;-2.66;-3.68;1.2;0.75
198201;-3.74;-1.42;-2.6;-2.29;-1.05;-6.23;-3.73;-4.87;-3.97;-0.52;-6.73;-3.87;-5.79;-2.99;0.66;-7.61;-4.97;-4.58;-2.41;-2.51;-1.05;-4.72;-3.62;-1.9;0.63;-3.42;-1.22;3.11
198202;-8.73;-5.01;-3.92;-3.63;-1.82;-8.26;-5.36;-5.24;-1.88;-1.38;-8.8;-3.39;-2.44;-4.01;-0.66;-7.85;-7.26;-4.49;-1.28;-0.22;-8.34;-8.14;-3.6;-2.1;-4.84;-6.03;0.47;6
198203;-3.2;-1.35;-2.25;-1.23;-0.85;-4.8;-0.97;-2.12;0.71;0.94;-3.47;-0.91;0.17;-1.33;2.04;-3.97;-2.88;-0.94;-0.78;0.0700000000000001;-4.48;-0.56;-2.52;1.64;1.06;-1.99;-0.23;3.91
198204;5.22;5.16;3.97;3.91;3.37;5.63;5.95;4.51;3.33;3.16;5.25;4.55;3.33;3.88;3.76;5.37;4.3;3.08;2.6;3.89;5.51;2.83;1.85;1.84;-0.58;3.2;1.52;-2.79
198205;-4.19;-2.61;-0.95;-1.93;-1.76;-5.13;-5;-3.7;-3;-3.06;-4.59;-3.09;-4.3;-2.31;-2.23;-5.8;-5.56;-4.77;-4.98;-3.84;-5.09;-2.96;-2.54;-4.28;-2.32;-3.88;0.48;1.84
198206;-5.38;-4.19;-3.58;-2.12;-2.19;-5.28;-2;-2.35;-1.59;-2.26;-4.82;-1.73;-1.32;-3.08;-2.84;-5.04;-4.06;-1.75;-2.45;-0.45;-3.81;-2.04;-1.56;-2.84;-3.84;-3.35;-0.38;1.52
198207;-4.84;-3.62;-0.52;-1.91;-1.48;-4.31;0.27;-1.13;-1.3;-2;-2.89;-1.64;-3.08;-4.4;-2.7;-2.81;-5.12;-4.04;-4.3;-3.86;-0.44;-4.77;-5.29;-3.19;-2.88;-3.1;0.88;0.19
198208;4.1;6.28;6.01;4.39;4.94;7.08;7.74;9.12;7.26;7.61;10.18;10.15;11.32;10.51;10.11;11.22;12.09;10.03;11.76;13.25;10.47;11.29;12.31;12.97;11.7;11.14;-4.15;1.13
198209;1.82;2;5.38;3.41;3.83;2.18;1.83;4.57;5.03;5.3;2.87;4.87;3.9;3.69;1.61;2;1.69;7.48;1.94;-0.54;1.19;1.42;0.64;-0.6;-0.35;1.17;2.94;0.34
198210;17.1;13;12.38;12.47;11.12;16.68;11.84;12.85;9.55;10.66;14.48;13.02;11.97;12.71;12.52;14.95;14.31;11.83;12.05;12.24;10.97;10.76;9.76;10.74;5.36;11.27;2.33;-3.64
198211;8.55;9.7;10.83;10.04;9.84;9.16;8.26;7.41;7.28;8.13;9.95;8.35;6.07;4.49;8.16;6.68;6.35;3.64;4.8;6.67;6.58;3.55;0.68;2.29;1.04;4.56;4.79;-1.93
198212;1.94;1.64;1.18;1.51;1.77;-1.04;1.9;0.42;-0.37;0.44;-0.26;0.0199999999999999;-1.66;-0.34;1.85;0.27;-0.53;1.74;-0.44;1.98;1.66;-0.78;0.47;-0.27;5.25;0.78;-0.17;0.05
198301;12.86;7.84;8.3;8.16;6.38;7.23;7.59;2.66;4.22;4.18;5.93;2.22;3.7;2.59;2.96;4.33;2.74;2.09;1.79;1.39;1.41;2.38;3.07;5.39;2.08;3.5;2.69;-0.88
198302;2.49;4.08;7.21;7.18;8.35;4.56;4.4;7.31;5.09;4.86;4.57;4.23;4.88;3.71;4.68;4.04;2.28;2.32;2.72;3.86;1.78;3.33;2.57;0.51;1.79;2.4;3.24;0.74
198303;2.28;5.01;5.92;3.97;6.94;1.27;3.03;6.15;6.42;3.95;1.43;5.78;3.98;7.02;4.17;0.02;2.03;3.74;4.92;4.51;2.67;1.89;3.54;2.83;1.2;2.84;1.8;2.06
198304;6.57;6.65;8.04;8.66;8.38;7.23;7.74;7.9;6.77;6.78;5.8;6.48;6.51;5.92;5.63;4.19;5.03;7.36;6.19;5.52;5.86;5.4;8.07;8.31;6.53;6.71;0.47;0.56
198305;11.33;9.62;7.82;7.61;7.23;4.79;5.66;4.56;2.52;4.99;5.04;4.69;2.08;1.49;0.7;4.3;4.81;3.72;1.3;0.35;-1.62;-2.94;-1.16;-2.29;0.48;0.63;6.18;-1.41
198306;3.4;6.14;2.8;2.66;3.5;6.13;4.63;0.87;2.16;3.27;4.06;4.82;4.09;0.84;0.79;5.69;4.06;3.06;-1.91;1.21;5.18;4.51;2.22;0.95;-0.02;3.11;0.96;-3.83
198307;-6.84;-2.89;-1.69;0.11;-0.01;-7.91;-5.19;-1.66;0.97;0.26;-6.94;-3.88;1.92;0.32;-0.08;-5.07;-4.35;-5.37;-1.68;-1.31;-5.59;-7.01;-4.09;-1.13;-2.89;-3.9;1.5;5.57
198308;-6.85;-4.65;-3.06;-4.31;-1.88;-6.11;-4.23;-3.49;-1.86;-0.16;-4.41;-5.27;-2.28;-1.67;1.51;-3.62;-2.39;-0.6;2.1;2.93;-1.41;-1.3;-0.39;3.33;5.85;-0.41;-4.3;5.55
198309;-3.85;-0.63;-0.27;0.88;0.79;0.41;0.71;3.31;4.11;2.87;1.1;3.32;2.08;4.37;6.19;2.72;1.2;2.54;1.76;0.74;2.12;1.2;1.2;-1.74;-0.25;0.85;0.59;1.06
198310;-11.16;-7.03;-6;-4.31;-3.65;-10.81;-8.3;-4.86;-2.65;-3.71;-9.02;-5.45;-3.71;-1.24;-2.55;-7.78;-3.48;-2.41;-2.61;-1.18;-3.23;-3.08;-0.83;-0.97;-1.47;-3.56;-3.6;4.97
198311;3.02;2.94;2.83;2.06;3.45;5.08;4.61;4.03;4.63;4.23;5.48;3.79;4.04;3.43;3.38;5.11;1.65;4.14;4.05;3.1;0.49;2.66;1.78;1.17;-0.0499999999999999;2.26;2.02;-0.72
198312;-6.03;-1.75;-1.3;-1.06;0.13;-3.82;-2.05;-0.61;-0.71;-0.61;-3.89;-2.01;-0.82;-1.93;0.9;-4.05;-1.52;-3.1;-2.4;-1.27;-0.79;-0.74;-2.98;-1.7;-0.17;-1.78;-0.27;1.74
198401;-2.65;-1.81;-0.57;0.43;2.48;-6.99;-2.12;-1.29;-0.57;2.97;-7.76;-5.47;-2.98;-0.65;-0.99;-8.4;-4.36;-2.72;-1.12;-0.3;-6.46;-1.47;0.23;0.82;6.21;-2.06;-0.4;7.62
198402;-8.2;-7.64;-6.11;-4.97;-5.33;-7.85;-6.72;-4.56;-3.97;-4.47;-7.48;-7.86;-5.5;-5.39;-3.49;-6.63;-6.49;-6.45;-3.82;-5.41;-4.47;-6.81;-4.9;-3.2;-0.14;-4.62;-1.67;3.36
198403;-1.67;0.76;-0.17;1;1.41;-1.03;0.44;0.12;0.69;1.46;-0.1;0.72;1.71;0.44;2.62;-0.17;0.29;1.75;0.96;3.51;1.06;2.29;-0.32;0.8;-2.08;0.61;0.06;0.55
198404;-4.81;-2.6;-1.39;-0.77;-1.76;-2.02;0.73;-0.14;-0.79;-1.89;-0.85;0.34;-0.91;-2;-0.69;-2.26;-1.26;-1.14;-3.35;-2.65;0.63;-1.46;0.42;0.78;1.59;-0.56;-1.14;1.26
198405;-6.79;-5.38;-5.77;-4.18;-4.42;-6.95;-5.99;-5.85;-4.58;-5.06;-6.89;-5.9;-6.41;-4.83;-7.72;-4.65;-5.28;-6.55;-6.13;-8.33;-5.96;-4.05;-6.83;-5.1;-6.84;-6.01;0.06;0.22
198406;0.68;2.59;1.56;0.74;0.52;3.25;4.01;1.13;2.02;0.51;5.64;4.26;0.14;1.13;-1.08;5.01;3.84;1.04;1;1.8;2.75;4.93;0.9;-1.64;4.47;1.59;-0.24;-2.66
198407;-8.09;-5.97;-5.37;-2.58;-3.11;-6.08;-6.45;-2.12;-4.6;-4.71;-4.44;-3.98;-3.79;-3.95;-1.98;-4.38;-5.92;-3.33;-5.37;-1.67;-0.51;-2.14;-1;-3.57;-3.25;-2.88;-2.28;0.33
198408;10.65;10.81;7.92;6.29;7.72;15.16;9.81;9.12;8.26;9.57;14.25;12.3;10.16;10.93;8.52;11.93;12.48;11.6;10.64;9.18;9.94;9.36;9.48;10.54;11.73;10.44;-0.27;-1.84
198409;-3.42;-2.28;-0.44;0.37;1.58;-6.34;-0.62;1.22;0.65;2.39;-4.77;1;0.99;1.21;2.51;-2.35;-2.22;-0.2;0.55;3.57;-3.64;-2.46;-1.48;1.1;2.25;-0.82;0.22;5.27
198410;-4.8;-2.35;-3.16;-2.35;-2.08;-3.91;-2.72;-1.12;-0.04;-0.11;-2.76;-1.56;0.45;-2.61;0.35;-1.42;-0.73;-0.31;-1.09;0.72;-0.12;1.7;0.29;-1.36;-2.56;-1.01;-1.18;0.53
198411;-6.57;-4.74;-2.01;-2.16;-1.88;-6.51;-2.81;-1.11;-0.84;0.37;-4.77;-0.18;0.64;0.59;1.07;-4.19;-1.42;-1.73;-0.14;1.26;-3.19;-1.69;-2.31;-1.46;0.62;-1.8;-0.67;3.97
198412;-0.09;0.08;0.39;-0.18;0.18;1.32;1.63;1.2;1.87;2.15;3.75;2.33;1.01;0.97;1.51;2.53;1.41;1.59;2.21;2.83;1.94;1.77;2.18;2.56;0.6;1.73;-0.56;-0.1
198501;15.43;13.81;10.07;9.38;8.05;15.39;12.33;8.32;9.41;8.13;13.05;9.73;9.05;8.19;7.22;11.64;12.03;7.78;7.67;5.66;8.89;7.38;6.71;6.62;3.52;7.92;3.25;-5.37
198502;3.1;4.52;2.77;2.26;3.29;2.43;2.52;2.07;1.27;0.55;1.48;0.48;0.54;1.22;-1.13;2.09;-1.46;1.42;1.93;0.53;-0.39;2.04;0.81;2.12;2.08;1.11;0.84;-0.07
198503;-3.32;-3.74;-1.9;-2.01;-0.81;-5.17;-4.11;-1.42;-0.28;2.57;-4.94;-1.73;-2.76;0.29;3.04;-3.31;-2.96;-0.52;-0.03;3.99;-2.18;0.24;-1.24;0.46;0.89;-0.79;-1.12;4.02
198504;-2.92;-2.54;-0.55;-0.22;-0.29;-3.86;-1.92;-1.04;1.75;0.12;-1.98;-2.11;-1.14;1.79;0.59;-1.99;-3.9;-0.2;0.25;0.21;-2.4;-3.05;-2;0.46;2.24;-0.94;0.15;3.69
198505;1.81;3.32;3.11;2.08;0.54;3.4;3.38;2.57;4.91;2.14;5.62;4.9;2.6;3.95;3.57;6.04;5.09;4.98;3.56;5.93;5.04;6.92;7.93;5.05;3.91;4.92;-2.26;-0.86
198506;0.01;-0.1;0.36;0.83;1.49;0.18;1.88;2.06;2.62;3.11;2.04;1.24;3.68;2.22;2.69;1.32;1.24;1.71;2.97;0.36;0.12;2.22;0.8;-0.23;1.83;1.16;0.51;0.47
198507;1.75;2.43;1.87;0.84;1.78;2.62;2.93;4.48;-0.73;-0.23;0.54;2.12;0.92;-0.26;2.41;-1.04;-0.22;0.57;-2.73;0.09;-0.03;-0.91;-2.39;-2.18;-2.97;-0.65;2.84;-1.61
198508;-2.15;-1.51;-1.22;-0.37;-1.73;-2.59;-1.6;0.23;-0.22;-0.34;-2.95;-1.42;-0.45;-0.71;-0.37;-2.3;-0.87;0.47;-0.82;-0.29;-2.34;-0.78;-0.7;-0.25;0.22;-1.03;-0.35;2.19
198509;-8.66;-6.43;-5.59;-4.6;-4.59;-8.11;-6.8;-3.91;-4.26;-6.49;-7.41;-5.04;-3.73;-4.36;-3.87;-5.71;-4.67;-5.34;-6.95;-5.5;-4.23;-3.31;-2.29;-3.79;-4.72;-4.58;-1.61;1.23
198510;0;1.03;3.06;2.6;1.04;3.17;3.04;3.48;5.23;2.03;3.37;3.66;3.64;1.98;1.58;5.05;4.63;3.6;4.85;4.93;3.06;3.55;4.25;5.22;5.73;3.79;-1.58;0.7
198511;4.86;5.83;5.88;4.5;4.09;8.67;6.53;7.58;6.53;5.91;7.1;6.71;5.29;5.82;6.12;8.09;6.35;7.74;4.89;4.87;9.4;7.68;7.17;3.4;4.1;6.31;0.19;-2.92
198512;3.03;4.64;3.41;3.31;2.92;4.55;3.84;4.47;3.29;0.28;5.01;3.93;1.87;2.17;4.39;2.81;3.79;2.18;4.32;4.53;6.24;3.14;4.19;2.37;3.75;3.66;-0.41;-1.48
198601;3.42;1.5;1.7;1.56;2.31;0.32;1.56;0.47;-0.34;2.06;1.36;2.17;0.86;1.75;2.17;0.69;-0.0800000000000001;1.4;2.16;2.97;-0.2;0.94;1.08;-1.95;0.85;0.42;1.18;0.48
198602;5.39;5.84;6.05;7.63;4.85;7.19;6.4;6.19;9.05;4.61;6.4;8.9;7.43;6.75;5.5;7.37;8.89;6.48;6.73;7.15;7.03;9.68;8.13;6.02;6.67;6.72;-0.51;-0.64
198603;4.12;4.88;4.41;4.14;5.63;3.23;4.64;5.15;4.47;5.51;4.36;6.66;4.95;5.07;5.04;5.04;4.62;5.94;3.45;4.03;5.38;6.68;4.72;4.24;3.96;4.79;-0.56;-0.55
198604;2.22;1.75;0.8;-0.18;-0.07;1.65;1.45;-0.35;0.34;-2.45;1.7;1.81;0.52;0.45;-2.31;1.51;-0.86;-2.26;-3.03;-5.39;-0.18;-1.52;-2.67;-3.37;-3.26;-1.31;2.75;-2.97
198605;3.78;2.81;3.66;3.36;3.46;2.9;1.92;4.82;3.77;2.42;5.72;3.78;5.43;5.25;2.61;5.74;3.48;5.25;3.92;3.94;4.67;5.76;2.86;6.08;5.06;4.59;-1.25;-0.14
198606;-0.31;-2;-0.75;0.57;1.83;0.1;-0.45;2.11;1.13;1.97;0.66;-1.37;1.84;-0.08;1.41;1.11;0.51;-0.42;3.25;0.88;1.64;1.56;0.63;0.03;2.41;0.9;-0.92;1.3
198607;-10.73;-9.43;-8.5;-7.23;-8.77;-11.93;-10.51;-9.34;-5.2;-7.72;-10.34;-8.57;-8.52;-6.31;-6.47;-9.34;-8.02;-7.68;-5.02;-5.24;-7.61;-6.46;-5.36;-2.94;-3.23;-6.49;-3.43;4.7
198608;-0.13;0.1;1.58;1.47;1.27;1.92;3.75;3.88;4.85;4.25;3.88;3.48;5.43;6.73;8.32;4.08;6.05;6.68;9.97;8.93;4.07;6.05;5.69;9.85;10.31;6.16;-4.2;3.54
198609;-8.61;-6.79;-5.85;-5.35;-3.18;-9.15;-6.66;-5.33;-3.29;-6.29;-8.47;-8.11;-5.01;-5.21;-5.73;-9.95;-6.43;-7.31;-7.09;-6.32;-10.8;-11.37;-8.16;-8.52;-6.84;-8.35;2.29;3.2
198610;1.53;2.08;1.79;2.53;0.59;5.91;3.66;3.01;2.81;1.07;5.28;2.11;0.57;1.78;1.59;5.17;6.07;5.08;5.39;3.79;4.53;6.55;6.29;4.21;5.5;4.47;-2.59;-1.42
198611;-2.7;-0.19;-0.02;0.06;0.35;-0.04;0.12;-0.89;-2.55;-0.47;-0.29;0.08;-1.49;0.92;-0.88;0.67;0.91;1.33;-1.32;0.73;2.27;1.46;2.4;2.15;1.2;1.12;-1.96;-0.1
198612;-6.18;-2.4;-4.33;-2.15;-3.84;-3.52;-2.5;-4;-3.77;0.0700000000000001;-3.09;-2.35;-4.3;-2.36;-1.53;-4.95;-3.49;-3.37;-3.18;-3.74;-2.19;-3.01;-4.8;-3.31;-3.42;-3.13;0.09;0.31
198701;10.56;9.23;11.07;9.66;9.08;13.27;12.01;10.1;9.76;10.16;13.44;13.53;8.2;10.1;9.21;13.46;11.65;9.99;12.26;10.88;12.96;16.08;11.24;12.01;11.56;12.43;-1.75;-3.1
198702;10.16;8.14;6.42;6.79;6.08;9.33;8.69;6.15;5.21;5.29;8.38;7.83;4.58;3.87;4.02;7.01;6.25;5.99;2.76;1.95;7.71;5.49;2.63;-0.89;-1.45;4.36;3.48;-5.9
198703;1.22;2.93;1.97;3.03;4.29;0.27;2.58;1.03;2.31;2.86;-0.25;1.06;0.79;1.99;3.17;1.35;1.25;1.38;1.77;-1.83;1.12;1.74;0.13;2.53;4.32;1.89;0.36;1.61
198704;-2.66;-3.11;-2.66;-1.13;-1.52;-4.4;-2.94;-3.32;-4.36;-5;-2.58;-2.43;-4.76;-2.66;-3.17;-4.22;-2.86;-2.9;-2.01;-2.47;-1.82;-1.63;-2.55;-1.29;-0.79;-2.14;-1.67;-0.22
198705;-0.58;-1.92;-0.24;0.18;2.74;-1.65;-0.35;-0.37;-0.03;0.12;0.47;-0.59;-0.99;0.04;0.2;1.74;0.26;-0.66;-0.7;0.2;1.51;-0.93;-0.68;0.4;0.14;0.13;-0.54;0.23
198706;-0.75;1.31;2.21;1.54;3.57;1.19;2.51;3.33;2.52;3.7;1.5;2.01;5.25;4.47;2.9;4.16;2.59;3.93;3.53;3.38;4.23;4.94;5.58;4.58;4.89;3.89;-2.11;1.15
198707;1.35;1.48;1.72;2.33;4.95;1.82;1.46;3;3.14;5.28;1.74;4.24;3.71;2.9;8.36;3.33;4.52;4.39;3.93;4.25;5.6;2.68;5.71;2.1;2.64;3.96;-0.49;0.91
198708;0.14;2.01;2.3;2.35;-0.02;2.33;2.97;3.61;1.95;3.65;3.27;3.2;3.7;3.33;-0.21;4.27;3.66;2.87;2.87;1.53;4.36;4.78;3.09;4.25;2.16;3.24;-0.78;-0.99
198709;-3.22;-1.06;-1.17;-1.09;-1.63;-2.53;-2.83;-1.27;-1.12;-3.11;-3.9;-2.71;-2.37;-2.91;-1.62;-2.63;-1.86;-2.88;-2.38;-0.12;-2.62;-4.53;-0.55;-2.38;-3.35;-2.53;0.57;0.29
198710;-34.81;-31.54;-29.3;-29.52;-29.33;-33.36;-32.23;-28.31;-26.77;-29.45;-29.89;-29.98;-25.1;-23.62;-27.41;-26.54;-29.74;-25.44;-18.86;-24.44;-22.24;-23.06;-22.47;-15.48;-19.59;-23.13;-8.42;4.09
198711;-8.77;-5.2;-5.18;-5.2;-3.9;-7.54;-5.35;-4.22;-3.63;-3.1;-7.87;-2.65;-3.26;-3.47;-3.97;-6.55;-6.43;-6.53;-4.81;-2.43;-9.99;-8.66;-8.45;-7.96;-7.9;-7.58;2.63;3.25
198712;2.42;4.53;5.37;4.42;2.81;11.31;9.72;7.2;5.79;4.79;11.74;9.24;6.04;4.16;6.22;12.11;10.64;8.67;3.49;3.38;7.97;6.95;7.55;2.85;5.87;6.64;0.17;-4.44
198801;5.51;6.84;4.08;4.7;6.04;1.58;2.79;4.87;3.93;6.79;1.37;3.06;3.74;7.5;6.36;-0.05;4.41;4.22;5.95;5.9;1.99;1.27;4.93;8.55;8.51;4.2;-0.63;5.18
198802;5.55;7.48;7.1;7.01;7.06;7.96;11.16;8.53;7.26;7.49;8.16;7.77;6.63;6.71;6.3;8.04;8.96;5.86;4.53;5.89;4.12;5;4.26;1.33;2.31;4.71;3.38;-1.55
198803;3.53;5.62;5.15;4.98;4.53;1.88;6.6;3.3;2.89;4.18;2.36;0.74;0.85;-0.54;0.35;-1.41;0.78;-0.54;-0.46;3.94;-5.03;-4.68;-4.4;-4.17;-1.44;-2.1;6.18;0.8
198804;0.58;0.97;1.9;0.76;3.58;1.74;3.73;2.57;1.18;1.86;-1.22;-0.37;1.26;0.07;1.02;-0.49;0.31;0.82;-1.42;0.59;-1.24;0.56;0.95;1.91;1.91;0.64;0.92;1.64
198805;-4.18;-2.71;-1.23;-2.41;-1.37;-4.96;-2.67;-2.89;-1.9;-1.5;-1.22;-2.39;-1.66;0.96;0.4;-1.28;-1.11;-1.19;1.93;0.49;-0.43;-0.18;-0.73;1.7;2.09;-0.47;-2.68;2.26
198806;6;5.83;5.62;5.61;4.68;6.89;10.26;7.84;4.83;7.92;6.15;7.16;5.99;5.39;4.36;6.86;6.39;6.13;3.49;7.93;3.69;6.71;4.99;2.57;2.55;4.66;2.03;-1.26
198807;-1.49;-0.86;-1.47;0.36;-1.52;-3.06;-2.88;-0.49;0.0599999999999999;0.62;-4.86;-2.47;-1.97;-0.61;-0.71;-3.9;-3.99;-0.1;-1.83;-0.21;-1.4;-1.55;-0.05;-0.52;0.42;-1.24;-0.17;2.29
198808;-4.77;-3.12;-1.75;-1.85;-2.77;-4.58;-4.48;-2.63;-1.06;-2.18;-4.76;-3.06;-2.8;-0.5;-1.43;-4.58;-3.75;-1.37;-0.65;0.0700000000000001;-3.31;-5.86;-2.99;-2.08;-3.69;-3.39;0.1;2.04
198809;0.56;2.19;2.3;0.96;2.21;2.13;1.94;2.13;2.12;2.38;3.36;1.73;1.97;0.82;2.3;4.09;0.56;3.06;1.47;4.25;5.08;4.74;1.19;3.53;3.36;3.1;-1.28;-0.7
198810;-3.61;-2.35;-1.69;-2.91;-1.75;-3.16;-1.46;-0.19;-0.66;-1.17;-2.22;-0.04;0.39;0.24;1.88;-2.26;0.34;0.05;0.62;1.67;1.23;4.94;0.88;1.8;3.73;1.15;-2.91;1.62
198811;-5.49;-5.46;-4.01;-3.71;-4.97;-4.82;-3.61;-2.53;-3.81;-2.7;-3.53;-3.02;-4.4;-1.16;-2.19;-2.15;-3.13;-3.85;-2.3;-1.29;-2.45;-1.71;-2.28;-1.23;-0.23;-2.21;-1.76;1.23
198812;1.2;3.56;2.76;3.98;2.11;4.54;3.54;3.18;4.4;2.12;3.86;2.88;2.89;1.56;2.38;2.73;2.39;0.97;1.24;-1.33;1.99;1.49;1.18;-0.0600000000000001;-0.21;1.48;1.95;-1.51
198901;4.72;5.36;3.7;3.64;5.14;2.91;5.17;4.14;3.29;6.77;4.17;5.03;4.64;3.59;4.83;4.12;5.07;5.35;5.82;7.63;7.28;6.33;5.96;5.8;7.71;6.06;-2.12;0.57
198902;-2.06;-0.22;0.0600000000000001;0.93;1.22;0.55;1.22;0.73;-0.03;0.95;-0.73;0.0600000000000001;-0.3;0.74;-0.95;-0.9;-0.62;-1.43;-0.26;0.45;-3.7;-3.46;-3.2;-2.32;-3.19;-2.25;2.78;0.89
198903;0.45;2.15;3.82;2.12;2.3;1.19;1.89;1.57;1.06;2.47;1.49;0.64;0.84;2.5;2.14;-0.99;0.92;2.38;0.28;2.18;2.35;-0.18;3.27;2.14;0.52;1.48;0.74;0.51
198904;2.46;2.53;3;1.73;2.24;3.96;4.87;4.16;1.85;5.02;4.63;4.02;4;3.46;2.59;5.74;4.62;3.39;4.57;4.98;5.44;4.62;3.87;4.07;3;4.15;-0.56;-1.47
198905;2.16;4.65;1.36;3.22;2.66;4.06;2.47;3.51;2.77;2.95;4.84;4.06;3.02;3.28;3.26;3.74;2.07;2.46;3.65;5.28;3.9;2.38;3.68;3.54;2.54;3.14;-0.04;-0.85
198906;-3.91;-2.36;-3.01;-0.34;-0.14;-5.52;-2.62;-1.05;-1.52;-2.4;-3.97;-2.12;-2.05;-0.47;1.69;-2.96;-2.01;-0.28;1.21;2.81;-1.23;-1.11;-2.15;-1.18;0.0800000000000001;-1.2;-1;2.17
198907;2.04;4.27;1.49;2.74;0.79;4.97;4.2;2.55;3.06;2.6;4.66;4.4;2.81;4.03;3.05;7.83;8.05;5.37;5.23;6.75;10.86;8.84;6.04;7.07;5.98;7.01;-4.05;-2.72
198908;1.33;-0.63;0.08;1.91;0.81;2.91;2.09;2.52;2.84;2.11;2.22;2.09;4.32;2.51;1.37;3.01;3.2;2.29;2.92;0.61;-0.85;1.57;2.2;1.01;2.05;1.47;0.59;0.64
198909;0.66;-1.14;-1.2;0.2;-1.09;1.92;-0.68;0.08;-0.01;-1.5;0.81;-1.93;-2.06;-0.79;-2.02;-0.38;-3.58;-3.92;-1.59;-0.0600000000000001;0.51;-1.58;-0.45;-0.01;-1.02;-0.8;0.33;-1.29
198910;-5.77;-6.16;-5.33;-5.18;-7.53;-5.68;-7.78;-5.51;-6.51;-8.19;-4.64;-6.57;-6.93;-5.7;-5.57;-3.55;-4.46;-8.53;-3.66;-4.74;-0.55;-4.22;-3.41;-3.97;-0.75;-3.61;-3.23;-1.14
198911;-1.27;-0.51;-1.37;-0.75;-1.94;-0.38;0.96;-0.08;0.86;-1.67;1.05;1.17;-0.68;0.14;1.79;1.61;1.28;-0.1;-0.35;0.46;1.28;1.73;2;0.57;0.37;1.09;-1.24;-1.15
198912;-1.45;-1.44;-1.6;-1.44;-2.29;0.58;-0.88;0.23;0.34;-0.37;-0.35;0.17;-1.97;1.11;-0.32;1.98;1.28;0.83;0.87;1.54;0.08;0.35;4.02;4.22;0.44;1.22;-2.38;0.19
199001;-8.76;-8.02;-5.41;-7.27;-6.63;-10.18;-9.86;-7.81;-8.61;-9.37;-10.03;-9.69;-8.04;-7.73;-8.31;-7.56;-6.21;-8.35;-9.6;-9.64;-8.18;-6.38;-7.71;-7.85;-6.36;-7.58;-1.26;0.82
199002;1.48;1.46;0.61;2.91;0.97;2.86;3.06;2.39;2.98;1.79;2.78;2.73;1.4;0.84;2.62;1.03;1.03;0.88;0.96;2.8;-0.68;1.21;1.76;0.9;1.43;0.92;1.04;0.64
199003;3.68;1.99;1.52;3.2;0.79;4.38;3.71;4.23;2.49;0.74;4.38;2.18;2.13;0.82;-0.82;3.12;3.57;1.26;1.34;-0.58;3.31;3.18;-0.3;-0.04;0.4;1.77;1.49;-2.9
199004;-3.3;-3.2;-2.51;-3.1;-4.18;-4.79;-4.2;-2.7;-3.53;-6.3;-3.13;-2.75;-4.05;-6.2;-6.59;-3.47;-4.76;-7;-5.9;-6.7;-0.22;-2;-4.62;-4.8;-4.91;-3.52;-0.47;-2.47
199005;7.33;5.67;5.21;3.67;2.81;9.93;8.09;4.93;4.88;2.77;8.67;7.97;6.42;4.33;5.69;10.3;7.09;9.52;6.51;8.13;10.91;10.43;6.91;5.76;7.2;8.21;-2.6;-3.75
199006;0.46;2.04;1.73;-0.11;-0.9;-0.45;0.38;-1.9;-0.75;-0.95;1.44;-0.16;-0.93;-2.51;-1.28;-0.1;-2.46;-2.38;-2.23;-0.99;2.78;-2.72;-3.01;-4.12;-0.85;-1.05;1.46;-2.03
199007;-5.27;-5.74;-3.73;-3.92;-4.94;-5.86;-5.03;-5.01;-3.27;-5.15;-5.27;-2.15;-3.87;-5.41;-4.62;-2.88;-2.48;-4.06;-2.96;-2.69;-1.63;-1.92;1.52;-2.05;-2.71;-1.62;-3.07;0.11
199008;-17.3;-15.07;-12.98;-11.79;-13.12;-15.26;-14.32;-13.19;-11.09;-12.07;-14.35;-14.34;-11.39;-9.6;-10.49;-10.35;-12.23;-11.24;-9.82;-10.65;-9.22;-10.85;-7.28;-10.26;-11.24;-9.85;-3.51;1.54
199009;-11.16;-9.95;-8.4;-7.6;-9.28;-10.74;-10.3;-9.17;-7.3;-8.52;-9.89;-7.63;-7.09;-8.67;-9.17;-6.31;-7.07;-10.32;-7.62;-7.61;-5.74;-5.88;-2.08;-7.12;-8.01;-5.98;-3.65;0.66
199010;-7.16;-6.72;-7.41;-5.94;-7.9;-7.07;-6.15;-5.1;-4.94;-8.67;-5.63;-5.54;-4.83;-3.49;-5.43;-1.34;-3.91;-8.22;-2.37;-1.94;0.93;-2.49;-1.63;-0.15;0.26;-1.93;-5.56;0.21
199011;2.95;4.29;4.03;1.87;0.45;11.42;5.27;6.43;6.64;3.95;10.5;8.78;6.79;7.13;6.73;8.58;7.46;10.48;8.57;5.47;5.87;7.16;5.29;5.59;3.78;6;0.32;-3.01
199012;-0.29;-0.96;-0.02;1.76;-0.18;3.9;4.73;3.86;3.37;3.41;5.99;3.62;3.38;2.98;2.56;3.36;3.51;3.82;3.52;3.02;2.64;3.17;1.02;1.83;0.21;2.35;0.79;-1.56
199101;7.27;6.62;9.9;8.52;10.59;9.7;6.38;6.7;6.25;8.37;8.75;8.32;6.12;7.48;3.32;7.83;3.4;7.61;3.66;4.81;4.65;5.53;1.24;5.41;3.44;4.39;3.84;-1.74
199102;13.66;11.79;12.68;12.13;11.41;11.44;9.85;9.53;7.58;13.53;9.01;10.63;7.41;8.18;7.97;8.29;8.74;8.62;7.35;5.44;7.62;6.48;4.7;5.56;7.48;7.1;3.91;-0.58
199103;9.84;8.13;7.44;5.74;7.41;7.43;4.76;5.15;5.99;6.2;7.15;2.22;1.93;4.37;5.74;4.51;3.53;2.69;3.55;2.57;4.09;1.45;-0.24;1.33;0.75;2.45;3.92;-1.21
199104;0.5;0.35;0.73;0.19;0.13;-2.09;0.44;0.49;0.97;1;-3.22;-1.32;2.7;1.89;1.07;-1.43;-0.39;3.4;1.18;-0.85;-0.5;-0.5;-0.54;1.04;-0.69;-0.2;0.52;1.45
199105;1.96;3.77;4.1;2.66;2.76;5.02;2.45;5.16;3;3.08;3.2;6.04;4.2;3.95;-0.05;6.12;2.28;5.67;3.77;5.04;3.49;4.69;1.21;3.78;6.43;3.6;-0.36;-0.53
199106;-7.54;-4.3;-4.34;-4.37;-4.19;-5.51;-5.65;-3.52;-3.21;-6.21;-5.02;-4.97;-4.07;-2.59;-5.19;-5.66;-4.84;-6.19;-3.75;-3.89;-4.74;-6.13;-4.1;-5.48;-4.38;-4.82;0.12;1.14
199107;2.08;3.58;1.77;2.89;2.18;3.84;2.92;2.79;3.1;1.99;5.6;3.73;3.43;2.68;6.22;5.45;3.27;1.73;4.49;6.78;5.93;2.53;4.33;4.46;-1.44;4.19;-0.96;-1.3
199108;3.39;3.78;2.53;0.92;2.2;3.67;3.12;3.11;3.06;2.73;5.02;3.6;2.04;3.58;5.54;1.14;2.15;2.24;2.7;2.72;3.89;0.09;2.35;0.84;1.12;2.22;1.61;-0.79
199109;3.81;2.06;-0.01;-0.59;-1.59;0.08;0.46;1.65;0.54;-2.58;-0.29;-1.07;-1.29;0.03;-3.56;-0.75;-2.15;-1.44;-0.28;-1.53;-2.56;-1.63;-1.44;-0.47;-3.4;-1.56;1.67;-1.09
199110;6.66;3.72;1.11;3.41;1.15;2.11;0.78;2.66;0.2;0.93;2.24;0.74;1.29;2.28;3.45;2.14;-0.09;1.07;2.24;3.04;1.04;0.54;1.58;2.4;0.85;1.36;0.87;-0.41
199111;-2.17;-4.15;-4.91;-3.3;-3.28;-5.43;-6.16;-3.25;-5.58;-7.15;-3.68;-5.16;-4.6;-5.07;-6.3;-2.73;-5.32;-4.25;-3.23;-6.65;-1.63;-5.85;-5.9;-4.21;-9.68;-4.12;-0.55;-1.84
199112;5.91;3.83;5.22;3.63;4.59;10.97;6.63;5.3;5.65;7.75;14.01;10.4;6.74;9.44;10.91;12.91;8.76;9.34;8.23;10.64;15.02;8.5;7.91;6.65;13.94;10.3;-2.26;-4.01
199201;14.17;15.95;8.16;13.8;15.79;7.86;4.35;6.05;6.96;9.63;1.13;4.02;4.86;5.35;8.96;-0.57;1.99;0.73;0.12;5.99;-3.54;-2.41;-2.84;0.16;6.09;-0.46;8.43;4.53
199202;-0.35;5.24;2.59;4.61;9.77;0.16;2.35;1.5;4.37;5.73;-0.04;1.85;3.57;2.6;8.06;-0.77;2.83;2.56;1.93;4.64;-0.12;-0.71;1.64;4.12;10.58;1.06;0.88;6.37
199203;-7.06;-5.96;-2.8;0.11;-1.58;-8.85;-2.37;-2;-0.74;-1.43;-5.46;-2.65;-0.93;-0.08;-1.9;-5.99;-1.3;-3.01;-1.25;-2.63;-3.17;-2.14;-0.12;-1.64;0.37;-2.71;-1.04;3.66
199204;-10.48;-3.84;-5.16;-4.19;-3.24;-6.57;-3.83;-3.21;-2.7;-0.51;-5.9;-2;-1.32;0.09;2.43;-2.29;0.38;1.49;3.26;3.61;-0.48;5.18;5.28;2.45;9.85;1.02;-6.11;4.33
199205;-1.78;-0.01;-0.32;-1.6;1.48;-0.58;0.19;1.19;0.85;3.81;-0.4;-0.9;1.62;0.39;3.5;-0.2;0.98;1.08;0.51;-0.28;0.96;0.05;-0.36;-0.18;-0.54;0.36;0.4;1.23
199206;-9.51;-5.56;-5.62;-5.44;-4.56;-5.81;-6.08;-2.75;-3.58;-1.39;-4.99;-4.13;-2.89;-1.67;-0.69;-2.16;-4.63;-1.86;0.03;-1.36;-3.39;-0.16;-2.54;-0.55;2.65;-2.25;-3.09;3.3
199207;0.45;0.59;1.57;2.54;2.44;2.47;3.78;2.75;4.03;2.7;5.13;4.32;3.67;4.8;3.61;4.6;3.8;3.41;3.92;2.02;4.61;3.31;4.45;2.89;-0.64;3.68;-0.41;-0.53
199208;-4.69;-3.17;-2;-2.1;-3.55;-4.35;-3.72;-0.59;-0.78;-3.74;-4.13;-2.27;-2.59;-1.47;-3.43;-1.39;-2.78;-2.61;-1.76;-4.97;-0.84;-3.44;-0.86;-3.91;-9.07;-2.34;-0.09;-1.07
199209;-0.15;1.52;1.41;1.84;0.18;1.85;1.31;3.51;1.91;2.3;2.51;2.69;1.55;0.42;1.48;0.37;3.12;1.57;0.88;0.17;0.53;3.1;0.73;-0.21;-0.06;0.98;0.55;-0.22
199210;2.45;1.57;2.53;2;1.18;4.58;3.74;2.36;0.99;2.37;5.65;3.35;1.5;2.2;1.03;4.59;0.5;0.79;1.87;4.66;1.82;1.33;-1.93;-2.13;-0.37;0.87;2.1;-2.08
199211;10.22;10.31;7.5;8.19;7.68;9.18;7.91;6.34;4.41;6.11;9.6;6.55;5.82;4.55;4.27;6.85;4.78;3.81;2.58;3.83;3.44;4.68;0.51;2.88;8.29;3.79;3.59;-1.56
199212;1.03;3.32;4.63;3.66;4.96;1.39;2.3;3.08;5.93;4.56;2.8;5.45;1.99;3.82;4.16;1.25;1.61;3.85;3.9;4.14;-0.98;2.91;2.74;-0.42;2.57;1.5;1.65;2.48
199301;2.44;5.58;3.6;5.71;8.04;-0.88;3.01;4.14;4.46;7.85;-2.16;3.2;4.43;2.85;4.03;0.89;1.31;2.73;2.45;4.34;-2.64;0.69;0.74;3.06;9.07;1.03;2.02;5.83
199302;-7.74;-5.36;-2.37;-0.61;0.49;-8.26;-4.81;-0.47;2.37;1.59;-8.26;0;1.28;0.64;3.34;-5.29;1.53;1.33;2.89;2.18;-3.31;2.06;4.72;4.69;1.88;0.32;-3.37;6.52
199303;0.38;1.48;3.33;2.31;4.65;0.8;2.21;3.69;1.86;3.84;4.52;2.97;2.76;3.28;6;2.38;4.7;3.79;3.17;1.73;0.46;3.3;3.07;0.48;3.18;2.26;0.31;1.28
199304;-4.35;-4.79;-3.13;-2.49;-1.59;-3.29;-3.39;-1.93;-2.66;-4.26;-4.67;-2.99;-3.11;-1.88;-1.68;-5.15;-2.78;-2.1;-2.06;-2.13;-6.25;-2.35;-0.48;-1.8;0.89;-2.78;-0.66;2.61
199305;5;4.21;3.57;2.75;4.5;6.95;4.36;3.23;1.35;4.08;7.51;6.43;2.67;2.2;2.03;6.63;3.87;1.81;0.95;2.48;2.93;4.16;1.19;1.52;-0.73;2.74;2;-3.39
199306;-2.08;0.3;-0.23;-0.95;1.79;-0.59;0.5;0.39;-0.12;1.96;-1.02;0.14;1.31;2.31;0.73;0.4;0.33;2.02;0.97;3.57;-2.71;0.66;1.5;1.54;4.59;0.29;-0.3;2.6
199307;-1.76;-0.68;0.73;1.66;3.04;-0.31;0.22;1.08;2.53;1.8;-0.6;-0.15;0.61;2.06;-0.73;-2.88;0.98;0.94;2;0.29;-3.74;0.05;0.65;2.25;0.25;-0.32;0.97;3.25
199308;3.62;4.86;3.47;3.11;2.81;3.28;5.61;4.54;5.21;3.21;3.87;4.6;3.33;2.85;2.65;6.06;3.22;4.63;3.27;4.72;3.46;1.91;3.86;4.07;2.16;3.7;0.29;-0.46
199309;1.95;2.06;2.61;2.66;3.23;3.45;3.5;2.05;2.09;2.15;3.79;0.65;0.84;1.31;0.13;0.43;1.84;-0.02;-1.12;-1.59;-1.11;-1.89;-0.32;1.11;-3.29;-0.2;3.15;-0.43
199310;5;4.69;4.46;3.99;4.16;3.72;1.81;0.59;1;0.51;1.73;-1.41;0.36;-0.19;3.86;3.03;0.14;-0.74;-1.1;-1.28;3.94;0.35;-0.39;-0.98;5.59;1.59;1.45;-1.59
199311;-4.18;-3.13;-2.35;-2.2;-2.11;-2.94;-3.41;-2.92;-4.5;-4.07;-2.86;-2.72;-3.23;-3.65;-1.24;-2.64;-3.2;-2.4;-2.66;-4.9;1.23;-1.92;-3.07;-3.71;3.15;-2.01;-1.44;-0.29
199312;0.41;0.56;1.35;1.08;0.92;2;4.27;4.39;1.24;3.73;3.8;5.85;5.23;3.22;2.61;4;5.37;3.53;2.08;3.45;-0.14;2.06;0.42;1.19;2.47;1.72;1.23;0.58
199401;2.3;6.16;5.01;5.32;5.77;1.14;1.87;1.6;2.59;4.75;1.74;1.62;1.23;1.89;7.05;2.18;3.03;3.79;2.29;2.97;1.09;3.62;4.66;2.65;5.5;2.9;0.13;2.11
199402;-3.37;1.45;-0.73;-0.36;-0.24;-0.56;0.04;0.04;-1.92;-1.81;-1.06;1.7;0.55;-2.07;-1.89;-1.24;-0.12;-1.9;-2.75;-4.92;-2.03;-2.19;-3.58;-5.16;-5.13;-2.63;2.71;-1.45
199403;-7.76;-5.43;-4.41;-5.29;-3.36;-7.54;-5.6;-5.51;-3.98;-5.97;-6.07;-5;-4.85;-4.28;-5.97;-6.14;-5.22;-4.87;-3.02;-2.56;-5;-4.09;-3.2;-4.89;-4.62;-4.85;-0.94;1.36
199404;-4.07;-0.81;-1.9;-0.86;0.58;-1.12;0.39;1.46;1.19;1.93;-1.81;2.02;0.52;0.51;1.42;-0.64;0.66;1.17;2.04;0.77;1.1;-1.35;2.71;0.98;2.03;0.68;-0.87;1.7
199405;-2.71;-2.47;-0.76;-0.65;-0.83;-2.74;-2.67;-1.58;-0.15;0.8;-2.43;-1.88;0.12;-1.51;-0.52;-0.61;-0.13;-0.08;-1.57;-1.83;0.88;3.55;1.49;0.38;0.72;0.62;-2.02;0.2
199406;-6.94;-4.62;-4.92;-2.45;-2.29;-5.87;-3.14;-0.92;-1.69;-1.61;-4.8;-2.93;-0.08;-1.26;-2.04;-5.4;-3.08;-2.35;-2.04;-3.88;-2.77;-3.4;-2.44;-2.08;-4;-3.1;-0.48;1.67
199407;-0.13;-0.33;0;0.58;1.15;2.29;1.13;2.02;1.01;3.3;3.05;2.04;0.6;2.82;4.64;2.2;2.1;3.79;4.41;5.2;2.26;3.32;2.98;4.35;3.11;2.78;-1.77;0.97
199408;3.18;4.5;2.57;2.86;2.44;8.98;5.18;3.26;4.49;4.26;9.43;3.86;3.97;4.22;2.86;8.06;4.82;2.1;2.49;3.96;5.81;4.33;1.43;2.81;0.97;3.89;1.44;-3.49
199409;0.79;1.04;1.1;1.74;0.39;-0.32;0.14;-0.49;-0.72;-2.38;0.36;-2.22;-2.03;-1.44;-2.6;-0.71;-2.82;-2.89;-3.84;-2.61;-1.03;-3.71;-4.03;-3.21;-4.78;-2.21;2.68;-1.8
199410;-1.48;1.27;0.13;0.84;-0.65;1.12;0.06;-1.11;-1.95;-4.23;2.51;-0.08;-0.66;-1.65;-1.92;0.79;-0.01;-0.84;-0.64;-1.26;2.97;0.26;2.64;2.67;0.24;1.07;-2.16;-2.36
199411;-4.71;-3.62;-3.86;-3.16;-3.91;-2.86;-4.22;-4.25;-3.94;-5.88;-6.14;-4.41;-4.31;-5;-4.03;-4.21;-4.04;-5.37;-4.62;-4.48;-2.06;-5.33;-4.83;-4.05;-3.18;-4.09;-0.17;-0.05
199412;-3.58;-0.77;-0.37;-0.1;-0.88;1.14;1.66;2.45;2.2;0.13;1.56;1.5;2.42;3.38;3.13;1.42;0.62;0.52;-0.02;0.96;0.55;1.4;0.93;0.44;1.24;0.82;0.05;0.26
199501;1.64;1.4;2.2;1.88;2.05;-2.05;-1.54;-0.96;-0.37;-0.2;-2.25;-1.24;-2.39;-0.16;1.29;-0.32;1.08;-0.2;3.34;3.43;2.62;1.45;3.54;2.49;2.4;1.62;-2.94;1.67
199502;1.82;2.65;1.63;2.79;2.85;3.49;2.76;2.88;4.47;4.81;5.57;4.01;4.94;4.11;4.06;3.62;5.24;4.33;3.5;4.04;2.87;5.16;3.46;3.13;3.29;3.56;-0.34;0.39
199503;0.55;1.43;0.1;0.87;0.07;3.19;2.48;1.68;1.56;1.38;3.18;1.51;0.97;-0.1;0.44;2.06;3.66;2.69;1.77;-0.81;2.29;3.56;2.26;2.36;-0.2;2.24;-0.35;-2.04
199504;1.38;2.76;1.3;2.61;4.17;-0.15;1.75;3.09;1.19;3.19;-0.14;0.7;2.77;2.64;1.49;0.14;1.93;2.42;1.27;2.23;2.16;2.07;2.53;3.1;3.73;2.06;-0.41;1.73
199505;1.36;1.63;0.6;1.24;3.5;0.5;1.66;1.01;2.72;1.56;1.55;-0.97;1.77;2.21;2.21;1.63;0.45;2.28;3.6;2.96;3.18;3.38;3.09;4.05;6.24;2.86;-2.22;1.92
199506;7.39;7.28;5.49;4.45;4.51;9.4;3.19;4.01;3.83;3.86;5.92;1.94;4.1;1.81;1.79;6.3;2.58;4.13;0.64;2.46;3.39;2.42;-0.2;1.74;0.15;2.65;3.09;-2.95
199507;6.88;5.72;4.67;4.63;4.46;8.32;5.49;3.88;4.53;4.29;7.69;4.14;4.52;3.76;3.58;7.63;5.89;3.66;3.67;0.9;3.01;1.99;3.94;4.09;1.39;3.63;2.24;-2.23
199508;3.64;4.42;3.55;3.91;3.19;0.24;0.91;1.55;3.37;3.15;0.18;0.73;1.71;3.22;2.99;-0.31;1.01;2.18;1.46;2.66;-0.91;1.05;-0.82;1.81;2.12;0.46;1.82;1.92
199509;3.05;1.93;1.38;1.58;2.14;1.64;1.66;1.7;1.22;-0.51;2.54;0.29;1.15;0.95;0.28;3.32;1.5;0.49;1.37;3.03;4.38;5.09;2.22;4.66;4.54;3.21;-2.04;-0.98
199510;-6.54;-6.84;-4.99;-3.24;-3.07;-7.68;-6.95;-5.71;-4.99;-5.55;-3.14;-4.2;-3.89;-3.97;-2.6;-1.93;-5.98;-2.22;-1.72;-0.97;0.52;-0.17;-0.53;-3.14;-2.6;-1.6;-3.94;-0.12
199511;1.56;1.18;1.1;1.93;0.76;4.34;3.81;4.21;4.78;4.26;5.91;2.62;3.19;4.69;5.83;4.17;3.03;4.44;5.64;3.03;4.21;2.68;4.45;5.71;3.21;3.85;-0.84;0.31
199512;1.7;3.26;0.53;1.02;0.95;2.27;2.38;2.82;3.03;2.65;0.93;1.92;2.83;1.15;1.57;-2.61;-0.3;0.84;1.03;0.32;-0.41;2.32;1.78;1.14;3.17;1.03;0.39;1.32
199601;1.54;-0.16;0.88;0.13;0.84;-0.66;-1.55;-0.79;-0.47;1.31;-2.87;0.65;-1.64;2.47;-0.47;0.85;2.09;2.05;0.52;1.56;3.21;3.49;2.52;2.88;3.01;2.38;-2.52;0.42
199602;2.81;1.99;2.58;2.42;3.14;5.19;3.36;1.64;2.16;0.27;5.1;2.14;2.92;1.65;1.18;5.03;0.64;1.67;1.01;-2.8;0.82;0.81;1.76;0.37;0.4;1.24;2.07;-2.24
199603;2.18;3.62;2.91;2.47;1.95;2.03;1.1;2.09;1.91;2.48;2.06;2.1;1.84;4.11;1;1.01;0.01;1.9;1.49;1.01;-0.17;-0.33;1.07;2.65;0.26;0.7;1.31;1.31
199604;8.07;8.74;8.64;4.55;5.38;10.39;5.78;3.57;6.27;1.25;5.92;3.24;1.22;1.4;0.6;5.9;5.04;2.6;0.24;-3.04;1;1.98;0.34;0.08;-1.19;2.09;4.91;-4.02
199605;7.57;6.3;7.43;5.73;5.05;5.91;3.41;4.16;7.63;2.23;2.98;2.8;1.9;-0.19;1.43;2.58;0.29;0.46;0.94;-0.35;3.67;2.54;-0.22;1.45;1.56;2.26;3.24;-1.38
199606;-8.02;-6.14;-5.22;-3.25;-2.63;-6.95;-4.28;-2.92;-3.71;-1.39;-8.39;-2.65;-0.54;-0.54;-1;-4.71;-2.62;-1.54;-0.27;2.68;0.59;0.68;-0.64;-1.21;-0.37;-1.23;-3.66;1.97
199607;-15.16;-10.06;-7.38;-4.39;-6.28;-15.92;-9.19;-7.54;-5.39;-6.79;-12.48;-7.09;-6;-7.13;-4.98;-8.96;-5.9;-5.03;-5.13;-6.03;-5.64;-4.9;-4;-3.06;-5.62;-5.83;-3.57;4.34
199608;4.05;4.39;3.66;3.64;3.42;7.33;5.39;3.43;4.28;4.81;7.59;5.67;5.71;5.76;4.56;5.16;5.13;5;4.86;2.97;1.39;1.1;3.26;2.25;2.48;2.84;2.28;-0.57
199609;2.45;2.37;2.12;3.29;1.81;5.36;1.78;2.07;3.86;3.5;7.62;3.62;3.5;1.12;1.33;5.63;4.16;3.38;2.93;2.57;6.83;5.23;4.72;2.17;0.95;4.86;-0.8;-3.78
199610;-6.46;-2.15;-0.66;0.74;-0.16;-5.41;-2.69;0.91;1.65;0.51;-6.88;-3.01;0.8;0.76;-0.43;-4.15;1.51;2.07;1.75;2.82;0.48;2.22;4.55;4.18;4.38;0.94;-4.1;4.82
199611;-0.89;1.05;3.7;3.94;4.05;1.34;2.32;5.09;2.55;4.49;1.71;5.27;7.27;3.9;4.56;5.22;5.23;6.46;5.47;5.93;7.37;6.68;8.74;6.77;5.26;6.14;-3.56;0.21
199612;-0.94;1.42;2.32;1.44;1.27;1.61;0.49;2.88;3.07;1.5;-0.85;0.17;1.99;0.44;0.71;-2.02;-0.76;-0.46;-0.2;1.58;-2.28;-2.13;-2.93;-1.73;-1.95;-1.6;3.13;0.94
199701;5.84;4.97;5.58;4.5;2.75;3.4;3.15;0.72;0.64;1.55;0.4;2.13;1.42;2.83;3.51;1.95;4.04;3.1;1.52;2.35;7.62;5.2;4.74;4.57;2.67;4.89;-1.51;-2.32
199702;-6.18;-5.72;-1.62;0.21;0.57;-9.36;-2.84;-0.28;1.66;0.52;-7;-0.83;0.42;0.71;0.62;-3.94;0.74;0.68;1.7;1.95;0.23;-0.41;-0.69;1.34;2.57;-0.5;-2.57;4.73
199703;-10.12;-6.87;-4.06;-1.69;-2.53;-9.71;-5.91;-2.6;-2.75;-2.4;-8.49;-3.94;-4.04;-2.34;-2.88;-7.6;-4.55;-4.03;-3.68;-4.19;-5.98;-4.47;-1.67;-5.01;-5.22;-4.91;-0.33;3.88
199704;-5.41;-3.82;-2.76;-2.24;-3.26;-4.31;-1.03;0.61;0.58;-0.39;-1.43;2.65;3.34;2.17;1.41;2.07;1.47;2.71;1.76;0.85;7.42;4.44;4.93;4.21;1.56;3.8;-5.16;-1.04
199705;11.45;11.68;9.66;7.8;7.6;17.27;12.36;9.07;8.48;7.76;15.08;10.03;6.71;6.13;7.16;9.35;6.68;5.55;6.87;6.38;5.95;6.48;4.62;5.18;4.49;6.67;4.8;-4.33
199706;3.21;4.54;6.1;7.35;6.67;3;4.56;5.42;5.75;6.29;3.83;3.17;4.77;4.36;5.61;1.56;4.29;4.43;3.43;1.69;3.96;4.5;3.84;3.5;2.34;4.04;1.51;0.65
199707;3.19;5.15;5.81;5.81;5.57;4.51;5.51;3.77;5.08;4;4.79;6.37;5.93;5.61;5.48;6.13;7.84;6.69;6.08;5.37;7.56;8.29;8.7;7.22;6.74;7.22;-2.42;-0.38
199708;4.66;4.31;3.33;3.62;4.09;3.29;2.12;2.98;1.88;3;1.88;3.22;0.62;-0.25;0.4;-0.57;0.96;-0.71;-1.83;-0.15;-7.56;-4.7;-4.89;-5.77;-3.12;-4.04;7.49;1.06
199709;10.14;8.96;9;8.25;8.44;7.37;7.1;7.56;7.44;5.36;6.61;7.41;6.57;6.99;4.63;5.03;4.19;6.36;4.75;4.01;4.47;5.2;5.16;6.4;5.82;5.4;2.68;-0.26
199710;-6.25;-3.85;-3.72;-1.73;-1.23;-6.98;-4.25;-4.26;-3.04;-3.73;-6.36;-4.68;-4.18;-2.94;-2.83;-7.11;-5.92;-3.01;-4.75;-4.86;-2.86;-5.05;-3.51;-1.44;-2.55;-3.87;-0.86;2.28
199711;-4.32;-2.77;-2.12;-0.33;-1.03;-3.89;-2.65;-0.82;-0.47;-0.55;-3.71;-2.53;1.6;1.84;1.23;0.9;-0.07;2.67;1.97;4.04;4.87;6.27;1.13;3.55;2.42;2.66;-5.02;0.98
199712;-6.45;-3.18;-0.67;0.19;0.54;-1.24;-2.38;2.4;1.53;3.53;-0.07;0.49;2.35;2.97;4.11;-1.84;1.75;2.42;5.04;2.36;0.52;1.93;2.02;2.38;5.65;1.3;-2.35;3.8
199801;0.03;-1.21;-1.69;-1.4;-1.17;-0.21;-2.21;-1.76;-3;-2.7;-0.55;-3.03;-2.19;-4.28;0.74;-1.55;-0.83;-2.72;-0.69;-0.9;3.54;-0.61;-3.75;-0.1;-0.71;0.02;-1.02;-1.8
199802;5.98;5.73;5.4;6.15;6.09;8.58;8.06;8.55;6.48;5.95;8.83;8.32;7.59;8.12;6.95;9.16;6.85;7.55;5.33;4.69;7.04;5.54;8.59;7.34;6.52;6.93;0.27;-0.74
199803;4.64;5.53;4.82;4.29;4.57;3.92;5.8;2.58;4.03;4.17;3.71;1.93;5.35;3.86;6.18;3.21;5.09;4.66;3.41;7.02;4.08;5.02;4.85;6.9;7.22;4.74;-1.18;1.66
199804;1.65;2.91;3.06;2.15;1.86;-0.9;1.4;0.38;2.43;1.53;1.11;-0.03;-0.29;-0.1;-0.81;-0.57;0.14;-0.21;0.09;-0.64;0.7;0.86;2.46;0.58;-0.08;0.66;0.44;0.32
199805;-7;-6.74;-4.72;-3.13;-2.7;-9.12;-6.01;-5.71;-3.05;-3.46;-7.76;-7.06;-5.05;-4.28;-3.67;-5.75;-3.33;-3.98;-2.56;-3.54;-2.63;-2.35;-3.03;0.99;1.56;-2.98;-3.59;4.26
199806;-1.07;1.47;-2.16;-2.39;-1.33;1.49;-1.93;-1.6;-1.4;1.45;2.76;-2.37;-1.58;-0.25;0.42;0.5;-0.81;-0.00999999999999995;0.23;0.68;7.41;0.86;1.86;2.48;2.63;2.79;-3.26;-1.88
199807;-7.7;-8.02;-6.26;-6.73;-5.94;-7.89;-8.58;-8.75;-8.73;-7.6;-8.55;-8.64;-8.07;-8.75;-7.51;-6.2;-6.09;-6.64;-5.54;-4.7;-0.52;-0.23;-3.89;-4.61;-1.66;-2.73;-4.95;-1.13
199808;-27.54;-22.73;-20.2;-19.57;-18.35;-25.48;-20.77;-18.27;-18.59;-15.04;-24.02;-20.56;-19.25;-16.72;-15.2;-20.27;-20.47;-18.78;-13.38;-9.15;-13.73;-17.2;-18;-12.99;-11.23;-16.2;-5.71;5.13
199809;5.48;3.9;3.36;2.38;0.9;11.32;7.46;5.15;4.61;3.59;11.42;5.24;6.6;4.11;3.1;6.21;6.87;5.64;4.11;7.51;7.96;3.25;4.29;4.9;6.51;5.92;-0.17;-3.92
199810;3.13;2.43;0.82;1.93;1.21;4.64;5.4;2.81;3.37;0.94;3.56;7.07;5.26;3;2.25;8.23;10.05;5.76;3.78;2.11;7.44;9.72;7.61;5.43;4.71;7.12;-3.24;-2.72
199811;10.09;7.67;6.19;7.49;7.48;9.15;5.82;3.63;5.28;2.87;8.21;6.63;3.42;1.57;2.67;7.06;1.74;3.48;4.29;2.01;7.31;5.6;6.45;3.51;3.91;5.89;1.11;-3.42
199812;3.95;2.13;2.42;0.86;0.69;7.16;4.66;2.66;3.55;5.32;11.3;6.85;3.12;4.32;2.35;10.45;3.75;2.03;3.61;2.3;8.77;4.1;1.01;2.62;3.54;5.93;-0.28;-4.86
199901;8.25;3.57;4.6;2.74;4.66;5.45;0.14;-1.92;-1.57;-1.93;3.85;1.92;-1.41;-4.33;-3.71;0.95;-2.08;-3.03;-3.49;-4.51;5.9;2.53;1.26;-2.03;1.94;3.48;0.67;-5.4
199902;-8.17;-7.93;-6.16;-6.02;-6;-10.02;-9.73;-7.27;-10.67;-7.25;-9.37;-8.99;-6.72;-6.86;-5.31;-5.76;-3.94;-3.46;-3.55;-3.28;-5.48;-1.09;0.11;-0.57;-3.81;-4.16;-5.74;1.76
199903;-3.95;-5.79;-2.19;-4.24;-3.41;0.55;-0.99;-0.18;-1.6;-2.43;3.93;3.8;1.26;-2.23;-0.97;3.14;1.47;3.53;-0.76;0.02;4.53;1.11;6.14;3.33;0.36;3.36;-3.86;-2.92
199904;7.42;7.34;12.84;10.18;8.55;9.89;7.61;9;8.55;7.3;7.15;12.75;10.24;8.99;7.73;6.1;10.22;9.92;7.99;11.48;-0.64;7.36;8.77;7.54;5.83;4.53;3.29;2.46
199905;1.7;3.21;0.65;2.33;5.08;0.98;2.7;0.33;3.26;4.88;-0.58;-1.14;1.01;1.02;4.18;2.75;-0.92;1.82;0.7;0.95;-3.9;-1.44;-2.73;1.07;-0.98;-2.41;3.71;2.69
199906;6.32;7.52;7.39;5.7;5.96;7.49;8.65;3.93;5.6;5.52;3.87;3.97;3.27;3;3.14;6.88;8.5;2.59;3.2;1.29;6.32;4.72;3.2;-1.54;-2.26;4.7;3.34;-4.16
199907;0.65;1.8;0.38;1.62;1.3;-2.41;-1.48;-1.27;-3.03;-3.75;-3.86;-2.35;-2.74;-1.39;-0.24;-3.13;-2.83;-1.42;-1.48;-1.18;-3.51;-4.44;-2.45;-4.58;-5.68;-3.44;2.24;0.54
199908;-2.92;-2.57;-2.68;-2.24;-3.91;-4.15;-4.96;-3.22;-4.29;-3.56;-2.44;-6.15;-4.71;-3.43;-0.29;-2.22;-4.93;-4.08;-1.94;-4.54;0.38;-4.34;-2.22;-1.99;-0.9;-1.39;-1.28;-0.92
199909;1.45;-0.82;-1.12;-3.46;-4.72;-0.92;1.32;-1.33;-3.61;-1.14;3.19;0.79;-2.34;-4.84;-2.5;1.41;-4.62;-4.26;-5.21;-2.57;-2.36;-3.95;-6.83;-7.97;-7.51;-2.67;3.25;-3.11
199910;-0.86;0.35;-1.8;-1.63;-3.13;2.31;-0.77;-0.49;-3.31;-5.45;2.74;-1.32;-1.25;-0.75;-0.6;7.88;1.07;1.96;2.21;4.26;6.53;9.37;3.9;3.34;5.59;5.81;-6.77;-3.23
199911;19.53;10.63;10.54;5.89;6.18;11.57;6.62;6.74;1.42;2.42;11.95;5.06;-0.86;-1.18;-0.26;11.54;-0.48;-1.49;-0.24;1.37;4.1;-1.05;-2.01;-6.55;-4.28;3.33;7.68;-7.97
199912;23.78;24.46;10.08;8.03;7.97;16.78;10.12;6.59;0.75;6.62;16.35;6.47;0.57;2.14;3.32;20.35;3.98;2.59;4.72;4.33;7.68;1.1;2.4;-0.24;-2.25;7.95;6.86;-9.12
200001;9.45;5.24;2.15;4.91;3.83;0.99;-4.09;-0.84;-0.75;-4.83;-3.91;-4.38;-4.1;-3.16;-5.37;-3.98;-3.85;-4.72;-3.65;-8.24;-5.45;-4.78;-2.47;-6.27;0.58;-4.39;4.39;0.22
200002;39.3;38.2;26.51;19.34;13.57;29.31;17.54;7.91;9.36;10.39;24.4;8.1;1.77;-1.66;-1.54;25.24;0.33;-1.18;3.87;-6.77;0.11;-5.78;-8.29;-11.66;-9.54;2.74;22.18;-12.8
200003;-14.7;-20.25;-9.11;-3.4;-3.57;-15.5;-5.17;-2.32;-1.35;-0.22;-15.21;4.65;10.29;5.2;11.7;-3.21;11.81;15.44;9.98;12.08;9.11;9.73;9.37;14.5;7.25;4.88;-16.7;8.02
200004;-24.03;-17;-12.49;-8.36;-10.79;-14.02;-8.39;-4.57;-0.87;-4.69;-10.24;0.29;-2.32;3;-0.08;-7.85;-3.68;1.25;0.8;0.93;-4.92;-3.74;-0.72;5.4;9.51;-6.41;-7.62;9.08
200005;-14.45;-8;-7.51;-8.03;-8.01;-10;-7.16;-6;-5.18;-1.72;-5.16;-3.86;-2.23;-1.47;2.09;-8.2;-0.78;-4.25;3.03;-1.3;-4.29;1.22;1.38;-1.16;-3.42;-4.4;-4.91;3.77
200006;29.09;26.21;17.02;18.31;7.73;15.26;9.42;5.11;4.98;5.7;15.01;0.34;0.28;-1.97;2.01;10.95;3.48;-4.9;-1.93;-6.06;5.65;-6.11;-6.65;-8.08;-9.23;4.76;13.73;-10.05
200007;-8.96;-2.17;0.41;1.1;1.06;-8.14;-1.17;0.73;1.14;0.16;-10.69;-0.76;3.09;2.99;8.08;-7.63;-0.92;1.86;4.16;1.76;-3.4;0.71;3.44;5.74;2.73;-2.19;-2.79;8.42
200008;8.9;7.34;4.32;5.05;4.09;7.35;3.38;4.85;5.08;6.56;8.04;9.66;5.23;8.33;3.79;13.03;5.74;4.83;6.9;6.57;6.88;7.63;8.95;5.62;8.18;7.14;-1.03;-1.32
200009;-11;-1.96;-3.13;-0.73;-1.36;-5.46;-3.26;-0.56;-0.3;-4.03;-10.66;-3.18;0.8;1.52;-0.82;-9.58;-1.12;-2.61;1.22;0.17;-6.82;-1.91;1.39;7.34;-1;-5.62;-1.83;6.88
200010;-12.31;-10.04;-4.26;-6.08;-4.87;-9.19;-2.41;-1.44;-0.24;-2.48;-10.84;-2.87;-0.89;-0.26;2.8;-6.46;1.74;2.8;-0.83;-0.69;-2.53;-0.11;-3.66;0.69;2.57;-3.02;-3.7;4.91
200011;-21.36;-12.69;-5.9;-5.23;-5.09;-18.92;-6.62;-4.36;-3.17;-4.42;-20.01;-8.95;-3.94;-0.09;2.22;-18.42;-3.16;0.04;0.95;0.93;-11.15;-7.22;-7.49;-1.24;-3.12;-10.76;-3.13;12.52
200012;-10.43;0.44;1.51;2.56;2.37;-0.23;7.34;12.67;10.52;11.07;1.84;12.63;12.28;14.56;5.29;3.46;8.93;11.32;10.64;12.39;-1.99;8.72;7.55;6.2;1.63;1.53;1.52;6.22
200101;26.92;17.17;12.47;10.95;12.69;14.02;8.07;3.58;3.74;6.34;11.89;2.6;-0.22;-3.97;4.81;6.83;1.08;-1;-3.01;-1.42;2.76;2.36;5.03;-1.62;-2.19;3.41;6.97;-5.68
200102;-14.21;-8.34;-2.23;0.05;-0.54;-13.98;-3.44;-1.67;-0.89;1.36;-17.15;-5.15;0.63;0.44;0.33;-15.08;-2.55;-1.32;0.72;0.4;-12.54;-3.8;-2.19;2.62;3.7;-10.32;-1.15;13.8
200103;-12.36;-1.84;-1.24;-1.43;-2.05;-6.67;-0.89;-2.06;-2.67;-1.39;-12.05;-5.5;-4.06;-3.06;0.38;-11.83;-3.66;-2.24;-2.12;-0.11;-9;-3.29;-0.07;-3.57;-1.96;-7.47;0.56;6.23
200104;8.46;6.72;2.46;4.07;5.16;10.74;4.87;6.59;3.9;5.06;11.05;9.16;5.18;3.67;5.31;15.8;6.91;4.41;8.78;6.54;8.71;4.73;3.19;4;3.33;8;0.31;-4.5
200105;12.62;11.31;7.93;12;9.91;2.32;2.56;3.3;4.35;4.52;4.32;0.55;1.72;0.46;1.81;3.01;3.9;2.24;1.75;2.1;-0.17;0.78;1.77;-0.22;4.38;0.74;3;2.82
200106;1.94;2.76;3.83;2.8;0.19;6.79;11.05;5.65;6.04;3.25;4.97;-1.97;2.47;0;-2.35;3.84;-0.95;-1.33;-5.5;0.74;-2.38;-4.01;-1.4;-1.01;-1.91;-2.03;6.49;-2.09
200107;-10.22;-7.33;-0.86;-0.54;-0.67;-10.26;-7.87;-6.21;-3.35;-4.38;-9.76;-4.55;-3.09;-0.4;-0.79;-4.88;-2.53;1.37;0.09;1.2;-1.85;-0.21;-2.81;-2.69;3.28;-2.13;-4.25;5.58
200108;-9.37;-4.87;-3.21;-1.51;-1.39;-9.86;-5.39;-2;-2.17;-1.39;-8.3;-3.14;-3.42;-1.21;-1.17;-7.55;-4.7;-3.61;-2.31;-7.39;-7.57;-4.31;-5.19;-5.25;-8.28;-6.22;2.14;3.4
200109;-17.52;-14.87;-9.35;-9.86;-14.07;-19.59;-15.06;-13.24;-15.26;-17.42;-15.62;-14.63;-11.32;-12.5;-19.24;-16.16;-13.01;-11.37;-13.92;-13.55;-7.6;-9.13;-9.18;-6.32;-6.61;-9.43;-6.54;1.67
200110;8.87;7.89;6.37;4.16;3.9;11.15;8.6;4.59;2.96;3.67;13.26;6.76;2.6;3.96;9.72;8.46;3.35;1.25;2.65;2.63;3.15;-1.48;0.22;-0.75;-10.1;2.58;6.86;-7.01
200111;7.05;8.71;4.8;6.03;6.82;10.79;7.56;6.58;10.13;11.21;9.29;7.18;6.66;8.12;11.46;10.23;8.38;7.29;9.03;7.66;7.81;6.61;5.57;5.94;13.38;7.7;0.4;0.81
200112;12.22;6.37;5.97;5.57;7.43;7.85;5.96;6.57;7.37;7.62;5.58;6.01;6.38;5.68;6.57;3.36;4.86;6.72;4.56;3.05;-0.04;2.05;2.58;0.48;1.84;1.63;5.12;0.38
200201;-7.55;0.31;1.83;3.5;5.19;-6.36;-2.62;0.65;0.69;0.99;-5.18;-1.81;-0.7;1.08;3.8;-3.15;-2.02;1.65;2.07;-1.54;-0.8;-1.69;-3.69;0.31;-4.32;-1.75;1.08;3.5
200202;-10.02;-6.25;-3.09;-1.61;-3.77;-10.11;-4.7;-0.6;0.43;0.03;-7.74;-0.88;0.2;-0.13;2.56;-4.86;1.35;1.51;-1.77;3.37;-2.89;0.52;0.77;-5;-6.41;-2.3;-1.69;3.96
200203;5.63;9.54;7.08;8.03;9.44;8.76;8.12;7.79;8.52;12.48;8.56;6.07;7.2;8.04;9.36;6.3;7.28;5.21;5.54;6.73;2.87;5.32;4.69;6.63;3.24;4.34;4.33;1.12
200204;-8.88;-0.21;1.78;4.03;5.08;-4.98;0.82;3.74;3.69;5.29;-4.85;1.12;1.76;0.83;-1.25;-3.28;0.29;-0.00999999999999998;-2.2;1.67;-7.95;-3.27;-1.23;-2.23;-12.18;-5.11;5.84;4.23
200205;-6.89;-6.06;-1.36;0.71;-0.1;-7.87;-5.07;-4.24;-3.89;-5.94;-6.32;-3.56;-3.03;-2.66;-3.31;-3.12;-0.22;-1.34;-1.24;0.79;-1.41;-0.05;0.43;-0.03;-1.86;-1.19;-3.73;2.52
200206;-8.58;-6.54;0.33;-0.36;-0.74;-8.62;-4.62;-2.49;-0.86;-4.01;-7.74;-6.95;-6.63;-4.09;-7.61;-9.42;-7.44;-7.66;-5.86;-8.46;-7.64;-4.71;-7.46;-6.45;-15.03;-7.15;3.56;1.5
200207;-18.85;-16.74;-13.31;-10.97;-12.94;-16.15;-16.87;-14.16;-15.32;-21.04;-8.08;-9.66;-11.38;-14.38;-15.9;-10.46;-8.69;-9.92;-13.14;-14.72;-5.42;-8.98;-9.23;-9.82;-12.48;-8.26;-5.17;-3.61
200208;0.45;-1.98;-1.25;-1.02;-2.72;0.43;-0.08;-0.29;0.82;-0.58;-0.56;0.44;2.32;1.79;3.75;-1.14;0.17;-0.17;1.37;4;0.06;0.22;1.2;2.71;5.89;0.66;-2.25;2.13
200209;-10.8;-8.04;-6.99;-6.82;-8.12;-8.35;-7.46;-5.51;-8.39;-8.16;-7.94;-9.3;-8.98;-7.62;-9.55;-8.8;-9.27;-11.38;-13.11;-17.61;-10.77;-11.9;-9.59;-8.07;-8.61;-10.14;2.7;1.17
200210;5.08;5.46;2.46;1.39;0.71;9.02;3.2;3.09;1.26;-3.03;6.25;3.86;4.23;2.82;0.66;6.96;4.94;5.2;2.09;2.95;10.28;8.26;5.18;3.53;5.93;7.36;-2.98;-6.56
200211;17.5;12.92;9.08;8.09;9.63;14.14;9.12;6.75;6.25;7.4;9.81;7.63;6.09;6.51;8.81;9.76;7.21;9.3;8.11;11.76;4.83;4.89;5.99;4.9;8.03;6.01;3.17;-1.57
200212;-10.21;-5.37;-4.4;-2.17;-2.69;-10.57;-6.99;-4.06;-3.01;-2.89;-7.94;-3.78;-3.78;-2.77;-5.86;-7.28;-5.41;-4.26;-2.65;-0.26;-7.05;-3.96;-4.63;-3.03;-6.9;-5.44;-0.53;3.82
200301;-0.8;-0.78;-1.91;0.48;-0.41;-3.04;-4.18;-2.2;-2.81;-1.42;-1.76;-3.8;-3.21;-4.4;-3.51;-1.58;-3.01;-0.58;-2.29;-6.42;-2.78;-2.66;-2.71;-2.56;-7.49;-2.44;1.39;-0.85
200302;-6.23;-2.69;-1.87;-2.19;-2.46;-2.88;-1.17;-2.17;-3.16;-8.19;-3.76;-1.06;-2.72;-4.12;-3.27;-2.23;-2.62;-1.44;-1.44;-6.44;-0.76;-2.75;-4.91;-3.24;-4.57;-1.63;-0.33;-1.56
200303;3.29;-0.1;1.12;1.26;-0.83;3.04;0.05;0.23;1.54;0.37;2.72;0.27;0.09;1.47;0.3;1.47;-0.54;-0.81;2.06;-2.54;2.23;-1.2;1.37;0.42;-2.65;0.93;0.82;-1.75
200304;12.04;11.07;7.84;7.25;9.71;10.53;9.91;9.07;9.06;9.86;8.6;8.7;8.6;12.22;10.46;8.69;7.75;8.01;9.69;7.65;7.76;7.46;9.74;7.54;12.08;8.18;1.16;0.01
200305;19.54;14.69;10.48;9.53;11.53;11.75;11.89;10.49;8.47;11.82;9.04;8.58;9.11;10.04;8.77;9.93;9.5;9.95;8.79;9.21;3.77;7.17;6.49;6.48;7.39;6.26;4.73;0.19
200306;5.66;5.99;4.46;3.68;5.85;1.69;0.15;1.32;2.41;3.81;2.23;2.27;0.35;-0.03;3.45;1.51;0.39;-0.15;-0.9;5.89;0.95;2.1;1;0.28;1.14;1.53;1.49;0.56
200307;8.7;7.96;8.53;8.94;7.87;9.58;5.05;6.48;6.56;7.28;7.96;5.16;1.43;4.08;2.29;4.52;3.05;4.03;4.92;-0.06;1.69;3.28;0.17;-0.71;0.26;2.24;5.58;-2.08
200308;4.09;4.85;3.57;5.42;6.94;4.02;4.01;4.76;4.95;5.36;5;3.52;4.44;7.74;8.78;4.65;4.4;4.18;5.23;6.93;1.62;1.48;0.81;2.08;2.62;2.42;2.62;1.76
200309;2.77;0.24;0.15;2.88;4.59;-1.23;-2.85;-2.43;-4.08;-0.58;-2.61;-2.84;-1.65;-2.38;-1.1;-1.96;-2.67;-0.48;-0.95;0.34;-0.82;-0.94;-2;-2.35;-2.98;-0.99;0.56;0.95
200310;6.03;8.13;8.48;10.89;11.28;9.54;7.05;7.5;9.39;10.33;9.02;7.77;6.99;8.48;12.4;8.09;8.79;6.92;8.16;7.53;4.09;6.89;7.9;5.62;3.01;5.96;2.91;1.79
200311;2.38;4.17;4.17;3.73;6.89;1.77;4.17;2.67;3.85;4.12;3.2;4.13;2.36;4.83;2.8;1.41;3.09;4.51;3.76;2.45;0.58;1.12;0.95;0.19;3.04;1.59;2.23;1.34
200312;-0.3;2.37;3.4;1.51;4.3;1.51;2.32;2.45;1.98;4.84;-0.82;1.98;3.7;3.58;7.07;0.13;3.78;2.3;3.47;6.23;3.85;6.18;5.1;6.46;8.16;4.47;-2.82;2.74
200401;5.95;5.82;5.64;6.42;8.46;4.13;2.98;4.35;4.37;4.93;3.23;2.03;1.05;3.87;5.94;2.14;1.87;2.46;3.25;2.49;1.56;1.5;2.19;1.6;1.94;2.24;2.64;1.61
200402;0.08;0.09;-0.03;1.12;-0.44;0.52;1.77;0.59;-0.41;1.22;0.7;2.46;4.14;1.44;0.61;2.16;1.1;3.62;2.99;1.99;0.63;2.42;2.37;0.39;3.79;1.49;-1.18;0.37
200403;-1.53;-1.11;0.07;0.01;-0.91;2.31;0.87;0.03;0.86;1.69;2.22;0.29;0.23;0.65;0.3;-0.69;-0.18;0.02;0.27;-1.82;-2.23;-1.53;-1.39;0.21;-1.89;-1.16;1.84;0.03
200404;-4.36;-4.81;-4;-4.44;-6.31;-4.67;-4.17;-2.61;-4.64;-7.43;-2.27;-2.85;-3.22;-5.3;-5.74;-2.62;-4.25;-3.24;-3.68;-3.19;-0.05;-2.04;-3.56;-2.67;0.39;-2.5;-2.52;-1.73
200405;-2.35;-0.43;-0.03;-0.69;0.82;1.91;1.22;1.13;1.28;3.19;1.53;2.67;1.93;1;2.1;1.55;1.87;2.29;1.97;2.74;1.63;0.74;-0.12;-0.16;0.37;1.35;-0.18;-0.28
200406;1.07;4.42;3.59;3.47;4.05;2.57;5.54;5.87;4.61;9;2.27;4.25;2.93;1.63;5.13;0.67;3.08;1.72;2.79;4.76;1.08;1.78;1.13;2.11;2.76;2.08;2.28;1.68
200407;-12.83;-8.17;-5.99;-5.76;-4.2;-9.78;-7.42;-4.49;-5.9;-3.35;-9.12;-5.97;-3.39;-2.29;-4.15;-7.06;-4.9;-5.1;-6.03;-0.54;-4.77;-2.32;-2.34;-0.62;-1.68;-3.87;-3.8;4.44
200408;-1.26;-1.21;-1.09;-1.4;-2.24;-4.49;-1.75;0.71;-0.15;0.76;-2.37;-1.31;0.68;-0.07;-1.39;-1.22;-0.81;0.01;-0.58;0.94;-0.56;1.69;0.9;0.81;0.33;0.16;-1.54;1.08
200409;4.94;4.51;4.85;3.95;3.73;7.68;4.92;5.46;4.66;4;4.25;3.01;4.03;3.49;2.83;2.85;3.29;4.55;3.99;2.18;0.01;0.98;2.8;1.48;2.89;1.95;2.84;0.34
200410;1.86;1.92;2.68;0.23;0.64;3.52;2.7;0.71;1.03;2.67;2.2;4.25;1.13;-0.21;1.53;3.35;2.77;2.43;0.07;-0.48;1.27;0.77;1.84;0.02;3.14;1.67;0.48;-0.94
200411;10.35;8.77;7.92;6.76;10.56;7.49;8.6;8.89;9.85;11.45;5.32;6.19;7.32;8.13;8.8;4.98;6.37;7.18;9.86;7.38;2.31;5.23;4.36;4.29;5.43;4.67;4.16;1.9
200412;4.82;4.66;3.06;3.57;6.09;3.67;3.3;2;2.29;3.6;5.34;4.01;1.63;2.17;3.29;4.15;4.72;4.28;2.85;2.98;3.57;3.15;1.37;3.68;3.5;3.36;0.17;-0.36
200501;-6.45;-4.48;-3.31;-3.74;-1.38;-5.91;-3.3;-3.29;-2.72;-3.37;-3.63;-3.91;-3.79;-0.89;-2.55;-3.01;-4.62;-1.91;-2.48;-1.79;-3.48;-1.71;-0.67;-2.5;-1.25;-2.82;-1.64;2.5
200502;-1.92;-0.2;-0.21;1.77;2.75;2.29;0.83;2.75;5.27;2.71;0.62;1.81;2.99;3.44;2.79;1.94;1.42;3.67;4.87;3.19;0.32;4.24;3.16;0.95;4.2;2.11;-0.72;2.81
200503;-5.78;-3.05;-3.34;-2.31;-3.02;-4.31;-2.41;-2.38;-0.57;-2.93;-2.15;-2.23;-2.15;-3.98;0.06;-1.88;-0.46;-0.97;-2.65;-1.57;-1.25;-4.03;-1.8;-0.98;0.43;-1.9;-1.36;1.69
200504;-6.21;-6.57;-5.23;-7.3;-6.72;-7.73;-6.48;-5.52;-7.04;-6.05;-5.46;-4.24;-5.43;-5.53;-4.17;-4.08;-3.99;-4.96;-4.24;-2.7;-1.13;-2.31;-3.62;-0.67;-2.93;-2.73;-3.98;-0.46
200505;6.65;5.79;4.37;3.5;5.66;9.5;6.97;7.13;5.66;5.92;5.67;5.73;5.11;4.61;5.82;5.68;5.47;6.44;5.42;5.11;3.66;2.44;1.95;1.26;2.84;3.55;3.04;-1.18
200506;3.3;3.32;4.33;4.56;4.89;1.89;3.88;4.65;3.98;4.07;1.93;2.04;3.17;3.39;3.47;1.04;1.81;4.47;3.45;3.14;-1.87;0.58;0.9;1.88;2.34;0.92;2.58;2.84
200507;7.73;7.04;6.66;6.47;7.26;6.35;6.37;7.54;6.28;6.64;4.21;5.67;6.5;6.04;3.66;5.82;4.79;5.35;7.23;3.93;4.43;1.79;2.55;2.24;4.96;4.09;2.79;-0.5
200508;-2.8;-1.04;-0.85;-2.06;-0.79;-2.23;-2.25;-1.64;-1.79;-1.89;-2.85;-0.72;-0.88;-1.85;-0.78;-1.89;-0.46;-0.73;-0.6;-0.31;-1.97;-1.11;-0.32;-0.89;0.94;-0.89;-0.9;1.39
200509;0.84;1.05;0.43;0.49;-1.45;0.07;1.06;-0.2;1.01;0.16;-1.03;1.2;0.91;-2.5;0.09;0.18;0.57;-0.04;4.35;1.67;-0.81;1.08;1.1;0.96;2.87;0.77;-0.72;1.14
200510;-4.27;-2.72;-2.86;-2.42;-3.17;-4.27;-1.8;-4.18;-2.34;-3.73;-3.36;-4.7;-1.51;-3.49;-4.54;-1.44;-2.66;-4.01;-4.7;-4.59;-0.51;-2.71;-1.05;-0.67;-4.91;-2.35;-1.02;-0.76
200511;4.74;4.36;4.56;3.71;3.05;5.54;3.08;4.82;5.74;2.26;6.65;5.29;4.61;3.91;1.17;5.12;4.85;4.37;3.59;2.04;3.53;3.67;3.43;3.61;0.37;3.73;1.03;-1.79
200512;-0.87;0;-0.92;0.3;0.3;-0.19;-1.44;-0.3;-0.15;-1.68;0.08;0.77;0.43;0.39;0.53;0.05;1.54;0.54;0.76;1.45;-1.3;-0.06;0.8;-0.12;-0.21;0.03;-0.48;0.46
200601;10.97;9.02;7.86;7.55;8.2;7.25;7.84;9.73;9.38;7.76;5.06;8.16;8.25;4.73;5.58;4.71;4.96;4.26;4.62;3.87;0.96;1.1;2.17;2.82;6.66;3.66;5.29;1.09
200602;-0.87;0.98;-0.76;-1.36;0.14;-0.53;-0.79;-0.65;-1.13;-1.81;0.02;-1.32;-0.25;-3;-0.62;0.52;-0.65;0.2;-3.19;-0.05;-0.51;0.23;0.11;1.85;-3.21;-0.5;-0.35;-0.79
200603;3.48;5.14;4.05;5.25;6.62;3.11;4.19;5.75;5.53;3.44;3.99;4.15;2.94;1.72;2.16;3.44;1.71;2.95;1.21;1.63;0.4;1.35;1.31;0.62;0.77;1.54;3.52;0.04
200604;-1.84;-1.59;0.05;0.35;1.65;-1.09;0.35;2.25;0.56;1.6;-1.8;-0.19;-0.03;1.15;1.53;-0.31;-0.44;0.98;4.95;1.55;-1.14;2.04;2.25;1.73;3.08;0.94;-1.27;3.01
200605;-9.74;-6.16;-4.05;-5.15;-4.69;-6.81;-6.49;-4.23;-5.82;-3.31;-6.55;-5.94;-4.37;-3.2;-2.97;-5.99;-3.53;-3.68;-2.96;-2.23;-3.26;-3.19;-3.26;-2.06;-1.64;-3.53;-3.02;2.71
200606;-1.27;-1.15;-1.41;-0.6;-0.43;-0.8;0.78;-0.12;0.44;-0.25;-1.57;-0.3;-1.29;-0.17;-0.85;-0.78;-2.21;-0.23;-2.71;0.68;-0.22;-1.23;-0.24;0.62;2.42;-0.44;-0.48;1.42
200607;-6.21;-3.82;-3.56;-2.9;-2.82;-5.35;-5.07;-2.91;-3.39;-2.12;-6.2;-4.25;-4.07;-2.22;-2.16;-5.03;-3.7;-2.82;-4.12;-0.73;-1.74;1.99;1.2;1.84;0.58;-0.58;-3.93;3.3
200608;3.11;1.53;2.52;2.6;2;3.15;2.3;2.12;3.9;0.63;2.5;1.44;1.93;2.81;0.89;1.48;2.23;0.23;3.79;1.73;3.61;1.65;2.86;-0.83;0.41;2.09;0.78;-1.71
200609;-0.41;0.42;-0.44;0.53;1.4;0.42;1.62;0.14;1.52;0.1;1.9;-0.41;1.2;0.19;-0.38;2.04;2.06;0.59;0.18;0.21;2.59;1.55;2.93;0.62;3.84;1.54;-1.22;-0.5
200610;6.57;5.62;5.49;4.33;4.99;5.73;5.15;4.56;4.2;4.86;5.14;4.25;2.32;3.93;5.3;3.59;4.55;2.58;3.13;2.92;2.58;2.93;2.1;3.05;5.32;3.3;1.69;0.48
200611;0.76;2.4;1.38;1.57;2.66;1.31;2.71;2.4;3.1;2.3;3.75;3.08;3.19;3.68;3.8;3.03;3.97;2.99;1.67;4.43;0.46;2.09;1.2;2.51;-0.52;1.95;0.76;0.54
200612;-0.19;0.57;0.83;2.21;3.36;-2.5;-0.31;-0.09;0.41;0.83;-1.52;-0.24;0.13;0.88;-0.14;-1.5;0.05;-0.27;1.21;1.37;-0.46;1.73;1.91;1.99;3.35;0.68;-0.89;2.54
200701;1.14;-0.29;-0.25;-0.33;3.59;1.53;1.32;0.43;0.39;2.37;3.49;1.69;1.68;3.75;0.76;3.85;3.37;0.95;3.18;1.3;1.69;0.54;0.35;0.76;2.68;1.5;0.05;0
200702;-1.03;-0.89;-1.22;-1.33;-0.03;-1.37;-0.28;-1.02;-1.39;0.17;0.34;0.62;0.35;-0.55;0.71;-1.17;0.25;-0.24;0.4;0.3;-2.77;-1.89;-4.12;-1.15;-2.89;-1.78;1.37;0.28
200703;-0.03;-0.06;0.85;0.56;0.29;0.3;1.05;-1.08;1.34;-1.49;2.4;1.12;1.9;1.23;0.48;0.18;0.77;-0.09;0.53;2.96;-0.11;1.06;0.52;1.62;1.08;0.86;-0.22;0.29
200704;2.76;0.11;-0.01;-0.48;1.71;1.4;2.19;1.25;0.35;1.76;2.6;3.34;4.41;3.21;1.74;3.82;3.77;3.57;5.23;2.72;5;3.53;3.5;2.92;2.8;3.55;-2.14;-0.98
200705;1.42;3.23;2.05;2.77;2.56;2.96;4.09;2.96;2.07;2.69;6.38;4.8;5.97;3.24;3.42;3.91;3.43;3.89;4.81;2.2;2.09;3.49;3.08;3.22;5.33;3.48;-0.08;-0.11
200706;0.07;-0.55;-1.2;-1.2;0.00999999999999995;-2.12;-1.2;-2.85;-1.77;-3.34;-1.34;-0.85;-0.28;-1.92;-3.51;-1.31;-2.23;-3.92;-1.66;-3.28;-2.02;-0.5;-3.8;-2.3;-2.4;-1.88;0.7;-1.03
200707;-6.32;-6.7;-7.14;-7.49;-8.26;-5.31;-5.78;-5.96;-8.05;-9.38;-3.08;-3.39;-6.37;-6.73;-6.6;-2.87;-5.59;-6.16;-6.39;-6.42;-1.55;-2.32;-4.64;-6.26;-3.95;-3.57;-2.64;-3.03
200708;0.02;0.52;1.57;-0.68;-3.64;2.34;1.71;2.83;2.31;-1.76;-0.35;1.7;0.32;-0.65;-4;1.04;-0.33;-1.81;-2.22;-0.95;1.02;2.18;2.43;0.8;-1.1;0.74;-0.08;-2.42
