C1;Lo10;Dec2;Dec3;Dec4;Dec5;Dec6;Dec7;Dec8;Dec9;Hi10;CPIUS;Cbond–Tbond
194111;-7.1;-5.22;-4.04;-3.84;-1.1;-1.86;-1.93;-1.17;-2.72;-1.67;0.65;-0.62
194112;-17.5;-13.19;-8.35;-9.73;-9.19;-4.44;-5.87;-5.47;-6.04;-4.35;0.65;2.48
194201;38.75;18.11;10.4;12.29;8.28;4.32;5.24;2.63;4.34;-1.02;1.29;-0.63
194202;-0.85;-2.81;-1.09;-1.19;-0.61;-1.75;-1.64;-1.84;-2.38;-2.71;0.64;-0.19
194203;-7.89;-4.98;-3.91;-4.65;-4.12;-4.14;-5.12;-5.74;-5.59;-7.2;1.27;-0.29
194204;-3.07;-5.92;-4.2;-5.03;-4.07;-5.33;-4.99;-5.75;-5;-3.92;0.63;0.35
194205;-2.84;0.32;1.93;1.64;2.02;2.88;3.06;4.15;4.41;7.04;1.24;-0.55
194206;4.25;3.06;0.3;2.23;1.91;1.81;1.49;2.36;3.09;2.79;0;0.31
194207;7.04;5.9;3.62;4.41;4.5;3.74;4.73;4.29;4.83;3.06;0.61;0.02
194208;4.02;1.67;3.34;1.97;3.16;2.84;1.72;2.8;2.06;1.66;0.61;-0.03
194209;14.56;5.2;4.38;3.85;2.39;2.53;2.81;3.4;2.5;2.41;0;0.17
194210;13.53;12.8;10.43;11.99;8.63;9.58;9.55;7.8;7.18;6.08;1.21;-0.18
194211;-4.67;-4.72;-0.5;-4.92;-1.1;-1.85;-1.61;-0.71;-0.08;0.81;0.6;0.41
194212;-1.4;1.28;2.74;4.33;4.09;3.81;5.1;4.95;6.92;4.86;0.6;0
194301;39.9;27.59;15.87;16.65;13.56;10.6;10.17;7.57;9.03;5.95;0;0.16
194302;38.4;18.65;12.49;11.35;10.92;8.64;8.94;6.83;7.75;5.1;0;0.12
194303;8.39;16.6;13.67;14.14;9.86;11.71;8.68;9.93;9.21;4.36;1.78;0.11
194304;9.63;8.5;5.11;5.47;2.04;2.48;3.13;1.92;1.82;0.02;1.16;0.01
194305;18.84;14.57;10.6;10.04;9.63;5.44;6.94;5.08;5.33;5.45;0.57;-0.02
194306;-3.21;-1.65;2.2;1.53;-0.08;2.34;1.15;1.03;1.59;2.06;0;0.3
194307;-8.16;-7.73;-7.16;-6.52;-8.33;-5.09;-7.11;-6.22;-5.51;-3.87;-0.57;0.2
194308;-3.18;-0.81;0.32;-0.4;0.91;1.85;1.38;1.39;1.58;1.22;-0.57;-0.02
194309;5.34;3.52;4.93;2.92;3.58;2.47;3.86;2.3;2.71;2.26;0.58;-0.06
194310;-1.5;-0.2;-0.17;2.18;-0.92;-0.71;-0.4;-0.7;-1.15;-1.32;0;-0.14
194311;-13.43;-11.96;-8.55;-6.61;-9.34;-8.55;-8.05;-7.38;-7.63;-4.78;0;-0.22
194312;12.41;10.12;11.14;10.64;9.14;10.38;9.09;8.57;8.05;5.28;0;0.31
194401;9.84;6.24;4.64;4.63;4.33;3.03;3.26;2.41;2.22;1.32;0;-0.00999999999999998
194402;4.9;2.2;1.66;-0.96;1.11;1.59;1.03;1.08;0.44;0.29;0;0.02
194403;4;6.07;7.74;3.11;4.15;4.23;3.47;3.01;3.05;1.99;0;0.27
194404;-4.27;-3.02;-4.26;-2.63;-2.72;-2.29;-2.84;-3.27;-2.11;-1.19;0.57;0.21
194405;8.78;8.66;5.41;5.83;7.03;7.55;6.57;5.43;5.96;4.47;0;-0.23
194406;19.04;14.57;9.26;7.86;9.61;9.18;9.77;6.96;6.56;4.46;0.57;0.12
194407;-2.68;-2.04;-0.87;-1.84;0.68;-1.19;-0.93;-1.69;-1.69;-1.49;0.57;-0.02
194408;4.51;2.09;3.34;3.04;3.41;3.6;3.05;1.57;2.37;1.19;0;0.07
194409;-1.69;0.62;0.25;0.02;0.85;0.34;-0.17;-0.24;-0.11;0.03;0;0.05
194410;0.09;1.36;-0.27;0.07;-0.15;-0.46;-0.43;-0.32;-0.11;0.42;0;0.07
194411;2.83;3.99;2.58;1.95;2.4;1.7;1.33;3.3;1.4;1.6;0;0.24
194412;11.65;7.08;8.18;8.1;6.02;7.49;6.69;5.03;5.15;3.15;0.57;1.07
194501;7.59;4.1;6.16;3.81;4.75;3.43;2.52;3.09;2.8;1.28;0;-0.51
194502;11.08;10.16;9.28;8.87;8.4;7.72;9.35;7.63;7.03;5.37;0;-0.31
194503;-11.47;-7.73;-5.91;-4.16;-5.73;-5.73;-4.73;-4.14;-4.43;-3.32;0;-0.03
194504;9.14;8.69;9.52;9.17;8.97;9.65;10.5;8.28;8.56;7.17;0;-1.42
194505;7.3;2.4;3.67;2.84;1.73;2.91;2.89;1.34;0.98;1.8;0.56;-0.67
194506;10.39;7.74;2.89;3.78;2.47;4.23;4.45;0.84;1.25;-0.82;1.12;-1.37
194507;-3.63;-3.96;-3.57;-4.15;-4.88;-3.43;-2.48;-3.73;-3.27;-1.42;0;0.75
194508;5.6;7.18;6.66;6.33;7.21;6.68;7.79;6.01;8.13;5.57;0;-0.22
194509;5.83;6.71;6.56;7.06;6.67;6.45;6.12;6.78;5.81;3.96;0;-0.22
194510;11.5;11.64;5.16;5.43;5.7;5.38;6.27;5.21;4.96;3.07;0;-0.72
194511;13.82;11.13;10.72;10.47;7.87;9.64;8.45;11.26;5.26;3.78;0;-0.93
194512;3.21;2.46;4.86;3.69;2.25;1.84;2.85;1.18;2.4;0.38;0.55;-0.61
194601;18.12;13.8;10.75;7.99;8.52;9.24;8.51;7.29;6.01;5.43;0;1.03
194602;-7.25;-7.05;-6.99;-6.68;-6.61;-7.07;-7.53;-5.3;-6.76;-5.09;-0.55;0.02
194603;1.82;4.55;4.44;7.15;7.56;7.42;8.74;6.79;7.3;5.37;1.11;0.24
194604;8.94;8.61;6.5;6.79;4.41;5.25;5.82;4.5;2.9;4.28;0.55;0.92
194605;4.6;4.72;6.49;5.94;5.57;6.69;5.28;6.23;4.37;3.08;0.54;0.31
194606;-5.11;-5.34;-6.19;-4.73;-5.52;-5.86;-5.97;-5.26;-4.3;-3.18;1.08;-0.51
194607;-5.6;-5.17;-6.2;-4.07;-3.36;-4.53;-3.9;-3.94;-3.24;-1.81;5.88;0.28
194608;-9.29;-8.39;-8.58;-8.27;-7.57;-7.78;-7.3;-6.6;-5.69;-6.13;2.02;0.24
194609;-17.41;-16.25;-14.67;-14.42;-12.61;-13.23;-13.25;-11.76;-10.63;-8.52;0.99;-0.17
194610;-0.87;-2.02;-0.33;-1.86;-1.15;-0.96;-2.5;-1.34;-1.7;-1.42;1.96;-0.54
194611;-0.76;-1.3;-0.78;0.07;-0.13;0.25;0.39;-0.04;-0.22;0.13;2.4;0.29
194612;1.74;4.53;4.84;5.79;4.82;5.88;5.66;5.05;5.88;4.83;0.94;-0.32
194701;6.33;4.22;4.16;3.14;1.35;2.73;0.87;1.27;0.44;1.57;0;0.11
194702;0.16;-0.49;0.44;-0.81;-0.67;-0.52;-0.79;-1;-1.67;-0.92;0;-0.16
194703;-3.92;-3.62;-3.99;-3.1;-2.72;-2.42;-2.99;-1.29;-2.35;-1.15;1.86;0.47
194704;-11.95;-9.27;-7.94;-8.12;-7.84;-7.35;-7.98;-7.01;-6.59;-3.24;0;0.57
194705;-6.75;-5.53;-3.98;-4.65;-3.19;-3.06;-3.25;-3.38;-2.22;0.19;0;-0.13
194706;5.74;5.8;4.51;6.2;3.91;5.45;6.46;6.5;6.22;4.99;0.46;-0.06
194707;7.92;7.54;7.84;5.61;5.6;7.17;6.04;5.74;4.54;3.37;0.91;-0.43
194708;-3.35;-2.21;-2.2;-0.98;-1.07;-1.23;-0.09;-2.62;-1.93;-1.76;1.35;-1.52
194709;1.76;0.78;1.68;0.55;0.81;0.45;0.37;0.63;0.38;-0.98;2.22;-0.87
194710;3.35;4.71;3.95;3.36;2.29;4.15;3.19;1.61;2.88;2.31;0;-0.62
194711;-2.81;-3.53;-3.83;-3.4;-3.12;-2.41;-2.38;-3.11;-2.17;-1.36;0.43;0.76
194712;2.33;1.83;1.46;1.37;2.14;2.02;2.78;2.77;3.63;3.12;1.3;2.16
194801;2.73;-1.76;-2.01;-1.42;-2.11;-3.04;-1.79;-2.69;-4.34;-4.22;1.28;0.04
194802;-7.5;-6.93;-6.32;-6.71;-5.05;-6.91;-5.86;-4.88;-4.95;-3.7;-0.84;-0.07
194803;10.06;11.14;8.45;9.06;9.14;10.11;9.33;10.23;11.32;6.98;-0.43;0.81
194804;5.8;3.41;3.95;2.99;2.33;3.54;6.09;4.34;3.75;3.38;1.71;-0.07
194805;11.69;7.93;9.16;8.87;7.67;10.01;7.97;7.18;9.02;6.92;0.42;-1.33
194806;-1.17;-0.64;-0.8;-0.38;-1.29;-2.34;-1.46;-1.32;-0.54;0.63;0.84;0.01
194807;-6.16;-5.52;-5.68;-4.12;-5.48;-5.15;-5.45;-4.45;-5.87;-4.84;1.24;-0.31
194808;-1.29;-1.56;-0.5;-0.61;-0.29;0.91;-0.08;0.63;-0.08;0.51;0.41;0.54
194809;-5.22;-5.09;-3.81;-3.44;-4.77;-4.21;-4.35;-4.34;-3.18;-2.35;0;0.1
194810;5.3;4.65;5.94;4.16;4.92;4.87;5.75;5.69;5.23;6.36;-0.41;0.17
194811;-10.7;-12.42;-11.42;-9.68;-10.28;-10.01;-11.68;-9.48;-10.2;-8.47;-0.82;0.09
194812;-3.09;0.16;0.63;0.38;1.09;2.43;2.02;3.02;3.56;3.65;-0.41;0.75
194901;3.41;3.7;1.96;1.27;1.29;-0.21;1.73;1.58;0.96;-0.15;-0.41;-0.44
194902;-5.34;-4.22;-5.08;-5.43;-3.97;-3.57;-3.23;-2.29;-1.75;-3.02;-0.83;-0.11
194903;6.89;6.88;6.24;5.98;6.52;6.14;5.81;4.17;4.63;3.59;0;-0.67
194904;-2.77;-2.99;-2.54;-4.07;-1.71;-4.73;-3.28;-2.9;-2.15;-1.2;0.42;0.12
194905;-5.67;-7.04;-4.95;-3.31;-3;-4;-3.6;-1.78;-1.98;-2.76;-0.42;0.19
194906;-0.96;-0.84;-1.74;-1.06;-1.05;-1.91;-0.93;0.19;0.87;0.53;0.42;-0.83
194907;7.53;5.21;6;7.05;6.63;6.59;6.57;6.23;5.1;5.39;-0.84;0.66
194908;1.24;3.06;2.1;2.63;4.12;2.05;2.58;2.18;1.72;2.93;0.42;-0.74
194909;5.72;3.47;4.62;4.95;4.07;4.5;4.35;4.33;3.76;2.63;0.42;0.32
194910;7.61;4.71;4.68;3.27;3.69;3.6;2.48;2.77;2.58;3.21;-0.84;0.48
194911;-1.71;-0.55;0.56;0.97;0.86;1.28;2.52;1.82;2.79;1.89;0.42;0
194912;9.45;6.93;8.52;6.4;7.38;8.52;5.87;6.21;5.87;4.53;-0.84;-1.97
195001;5.72;6.43;4.42;4.34;5.42;3.85;2.51;2.3;2.19;1.07;-0.42;0.98
195002;2.38;2.62;2.58;1.75;0.08;1.33;1.61;1.56;2.05;1.34;0;-0.14
195003;-0.49;0.2;-1.22;0.22;-1.08;0.2;-0.28;1.21;0.32;1.87;0.43;0.14
195004;5.95;6.58;5.48;6.39;5.87;5.56;3.88;3.34;3.69;4.05;0;-0.38
195005;3.88;1.65;2.2;3.59;2.47;2.21;4.33;3.13;4.08;4.9;0.42;-0.41
195006;-9.59;-10.4;-8.4;-7.99;-7.01;-7.42;-6.91;-7.8;-6.33;-5.08;0.42;0.48
195007;9.47;8.67;6.83;6.21;4.27;4.38;2.97;3.45;1.45;0.58;1.26;0.14
195008;4.5;5.14;4.57;4.39;6.13;4.67;4.92;3.9;4.71;5.08;0.83;0.24
195009;4.25;3.62;5.42;5.87;4.93;6.52;6.02;6.07;5.7;4.4;0.41;0.33
195010;-0.49;-0.36;-0.58;1.04;-0.24;-0.6;-1.07;-1.35;-0.95;0.42;0.82;0.4
195011;3.18;3.42;3.77;3.1;2.27;3.8;3.83;3.56;3.98;2.34;0.41;0.19
195012;16.09;11.18;10.54;9.69;6.18;8.45;7.61;6.39;6.08;4.82;1.21;0.07
195101;8.05;9;8.64;7.74;8.71;7.63;6.69;7.35;5.42;5.26;1.6;-0.39
195102;0.42;0.58;0.66;1.42;0.78;1.04;0.84;1.99;1.89;1.62;1.18;0.3
195103;-7.16;-4.26;-4.6;-2.98;-3.21;-4.17;-3.65;-2.93;-2.48;-1.42;0.39;-0.8
195104;3.83;4.1;4.29;4.14;4.84;4.16;4.59;4.79;4.29;5.24;0;0.54
195105;-2.9;-4.38;-2.93;-3.39;-1.68;-2.57;-1.66;-2.45;-1.23;-2.44;0.39;0.54
195106;-7.11;-6.27;-6.77;-4.94;-5.32;-6.48;-4.3;-3.64;-2.31;-1.77;0;-0.31
195107;3.73;4.64;6.75;6.03;5.96;5.87;7.29;7.62;7.31;7.05;0;0.67
195108;6.73;5.75;4.92;5;5.62;4.45;3.72;3.64;3.65;4.62;0;0.15
195109;1.09;3.03;4.05;2.9;2.59;1.93;2.16;2.52;2.07;0.03;0.77;0.23
195110;-1.55;-2.91;-2.34;-3.41;-1.85;-2.58;-2.83;-2.35;-2.2;-2.35;0.38;-1.55
195111;-1.28;-0.19;0.6;0.47;1.14;0.91;2.31;1.29;1.11;0.37;0.76;0.75
195112;-0.36;0.77;0.4;1.55;0.71;0.7;2.44;2.08;2.85;4.15;0.38;1.19
195201;1.86;1.27;1.87;1.71;1.7;1.39;1.52;1.83;2.1;1.48;0;1.71
195202;-3.37;-2.74;-2.08;-2.01;-1.6;-1.99;-1.56;-1.73;-2.44;-2.74;-0.75;-0.99
195203;0.88;2.72;2.75;2.54;2.4;3;2.97;4.1;4;5.1;0;-0.35
195204;-4.43;-4.39;-5.19;-4.24;-4.27;-3.99;-4.38;-5.16;-4.27;-5.02;0.38;-1.75
195205;0.66;1.79;2.09;2.56;2.68;2.41;2.99;2.69;3.29;3.57;0;0.65
195206;2.64;3.26;3.01;2.69;2.75;3.14;3.73;3.27;2.94;4.44;0.38;0.13
195207;-0.01;1.78;1.05;0.87;1;1.27;0.62;1.5;1.05;1.05;0.75;0.36
195208;-0.39;0.29;0.68;0.39;0.65;-0.18;0.33;-0.18;-0.26;-0.91;0;1.33
195209;-0.95;-1.39;-1.53;-1.73;-0.32;-2.23;-1.58;-1.6;-1.59;-2.01;0;1.12
195210;-0.34;-1.4;-1.29;-1.98;-1.34;-0.66;-1.03;-0.84;-1.49;-0.18;0;-1.09
195211;3.58;4.93;5.82;5.3;6.68;5.57;5.06;5.86;7.15;5.86;0;1.23
195212;0.58;1.52;3.21;2.86;1.16;2.42;3.38;2.17;2.49;3.45;0;-0.05
195301;5.69;3.37;3.82;3.48;3.65;1.53;1.55;1.29;-0.14;-0.85;-0.37;-0.92
195302;2.66;3.68;0.87;1.58;2.1;0.37;0.89;0.65;-0.17;-0.48;-0.38;0.47
195303;-1.53;-1.92;-1.67;-1.84;-1.62;-0.44;-0.69;-1.29;-0.31;-1.6;0.38;0.55
195304;-2.04;-1.99;-2.05;-1.59;-2.52;-1.96;-2.7;-2.13;-2.53;-2.82;0;-1.43
195305;1.42;0.72;0.6;0.42;0.76;0.37;0.8;0.57;0.88;0.74;0.38;1.18
195306;-4.31;-4.5;-3.7;-3.4;-3.06;-3.13;-2.55;-2.86;-2.37;-1.16;0.37;-1.14
195307;0.21;2.36;0.95;1.54;1.55;2;1.5;1.53;2.26;2.95;0;1.38
195308;-5.04;-6.3;-6.03;-5.18;-5.18;-5.26;-4.29;-4.92;-3.57;-4.32;0.37;-0.77
195309;-4.12;-1.81;-2.02;-0.43;-0.92;-1.12;-0.63;-0.13;0.66;0.65;0;-0.46
195310;2.43;2.26;3.18;3.57;4.34;4.25;4.21;4.52;4.12;4.96;0.37;1.53
195311;2.2;1.78;2.2;1.32;1.55;2.15;2.9;3.07;3.08;2.95;-0.37;-0.24
195312;-2.75;-2.84;-2.34;-1.49;-0.75;-1.18;-1.29;0.27;0.28;0.42;0;-0.34
195401;8.48;7.47;7.46;6.4;6.69;7.22;5.99;5.89;5.59;4.79;0;0.35
195402;0;0.46;1.64;1.53;1.88;1.8;1.71;2.32;1.58;1.69;0;-0.42
195403;2.73;2.99;2.73;2.68;2.65;2.86;3.25;4.25;3.14;3.95;0;-0.19
195404;1.26;0.8;0.37;1.37;1.68;2.5;1.16;2.46;2.59;5.5;-0.37;-1.38
195405;3.17;5.14;3.26;5.03;4.89;3.01;4.5;4.12;3.85;2.69;0.37;0.45
195406;1.17;1.19;1.02;1.82;1.51;2.02;1.09;2.45;1.36;0.87;0;-1
195407;12.18;9.2;7.78;6.47;7.17;6.21;7.1;6.13;6.66;4.16;0;-0.94
195408;-0.45;-0.08;0.78;0.09;-1.15;-1.26;-1.9;-1.44;-2.71;-2.5;0;0.54
195409;4.16;3.66;4.15;4.6;4.33;4.08;4.48;5.17;4.38;7.49;-0.37;0.5
195410;0.28;-0.37;-0.49;-1.38;-0.33;-0.4;-0.3;-0.61;-0.92;-2.08;0;0.34
195411;5.84;9.23;9.09;8.78;9.86;10.24;8.72;10.41;9.3;9.4;0;0.5
195412;12.98;11.39;9.58;9.92;9.34;8.65;5.94;5.82;6.88;4.74;-0.37;-0.47
195501;3.89;3.44;0.78;1;1.51;2.8;1.03;0.26;0.68;0.53;0;1.44
195502;4.06;6.61;4.83;3.29;5.23;4.78;4.4;3.46;3.37;2.65;0;0.15
195503;0.22;-0.27;-0.14;0.61;-0.16;1.05;-0.76;-0.59;1.36;-0.35;0;0.54
195504;3.21;1.52;3.03;1.02;1.43;2.15;2.27;2.43;1.96;3.88;0;-0.28
195505;1.85;0.3;0.35;0.16;0.58;0.42;0.94;1.59;0.89;1.18;0;-1
195506;5.13;3.37;3.79;2.5;3.03;2.19;3.77;5.47;3.99;8.15;0;0.81
195507;2.46;1.27;1.62;0.24;0.05;0.21;1.06;-0.01;0.39;2.8;0.37;0.4
195508;0.09;-0.29;0.59;-0.17;1;1.07;1.03;0.77;0.73;0.21;0;-0.53
195509;0.53;0.71;-1.27;-1.16;-0.25;-1.33;-1.13;-1.65;-2.68;0.6;0.37;-0.43
195510;-2.32;-1.36;-1.01;-1.21;-0.92;-1.49;-1.81;-2.15;-1.79;-2.82;0;0.03
195511;4.05;3.33;4.73;5.79;5.74;6.24;6.03;6.87;6.48;7.59;0;-0.14
195512;2.42;2.48;1.94;1.87;3.17;2.35;1.89;1.97;1.91;1.46;-0.37;0.14
195601;-1.04;-1.11;-1.09;-2.1;-2.43;-3.16;-3.02;-3.19;-2.52;-2.85;0;0.41
195602;3.36;2.41;3.53;3.47;2.52;3.65;3.82;3.9;3.59;4.17;0;0.12
195603;4.12;5.07;4.22;4.59;3.99;6.35;5.21;5.77;6.35;7.27;0;-0.02
195604;0.83;0.13;1.17;0.15;0.84;0.28;0.9;0.75;-0.74;0.69;0.37;-0.16
195605;-5.09;-3.08;-5.06;0.66;-3.95;-3.15;-4.46;-3.35;-3.59;-5.54;0.37;-1.9
195606;0.06;0.66;2.23;1.61;2.25;3.92;2.63;2.61;3.67;3.96;0.74;-0.48
195607;1.59;3.16;4.58;2.85;3.59;4.27;4.85;4.56;5.02;5.25;0.74;1.47
195608;-1.57;-0.87;-1.51;-1.19;-0.87;-1.75;-2.4;-2.73;-1.34;-3.66;-0.37;-0.31
195609;-3.28;-1.84;-2.75;-2.16;-3.51;-3.54;-3.82;-4.15;-5.08;-5.29;0.37;-0.19
195610;0.07;0.46;0.94;0.41;0.96;0.66;1.5;0.35;1.47;0.64;0.37;-0.35
195611;0.29;0.3;0.22;1.76;0.83;0.9;0.92;0.7;1.59;0.28;0;-0.53
195612;0.4;1.37;2.51;3.6;2.41;2.29;3.26;2.91;2.66;3.74;0.36;1.3
195701;4.15;1.5;1.5;0.73;-0.11;0.08;-1.05;-1.04;-1.67;-4.5;0;-1.96
195702;-2.91;-1.67;-2.5;-2.48;-3.46;-2.22;-1.87;-1.72;-1.88;-1.75;0.36;0.82
195703;1.07;2.13;1.59;2.2;2.79;2.19;3.04;2.21;2.37;2.32;0.36;0.64
195704;3.51;2.31;1.88;3.04;1.86;2.16;2.36;3.42;3.19;5.32;0.36;1.84
195705;0.71;0.09;2.4;1.92;2.16;2.73;2.45;2.16;3.9;4.11;0.36;-0.49
195706;2.02;0.61;-0.17;-0.17;-1;-1.23;-0.89;-2.63;-2.75;0.15;0.36;-0.33
195707;0.47;0.56;0.99;0.58;0.38;0.66;0.52;0.19;0.27;1.23;0.71;-1.56
195708;-4.44;-3.48;-4.8;-4.91;-5.25;-5.12;-5.77;-5.91;-4.94;-4.65;0;-0.09
195709;-5.99;-3.67;-5.1;-5.08;-6.32;-5.13;-5.04;-4.94;-4.89;-6.06;0;-0.05
195710;-9.43;-7.66;-6.69;-7.25;-7.19;-5.9;-5.06;-4.75;-4.04;-3.54;0;0.65
195711;-0.45;1.39;-0.08;0.92;2.71;3.22;3.03;3.04;3.81;2.27;0.35;-2.38
195712;-4.22;-5.73;-4.66;-5.23;-5.23;-4.2;-3.31;-3.32;-2.49;-3.85;0;3.36
195801;12.94;12.85;11.41;11.25;10.71;9.44;8.71;8.68;5.7;3.63;0.7;2.54
195802;-1.82;-1.47;-0.73;0.87;-1.25;0;-0.64;-0.81;-0.37;-1.85;0;-1.77
195803;3;3.83;3.89;2.76;4.16;3.56;4.15;3.38;3.1;3.34;0.7;-1.42
195804;5.33;2.63;3.98;3.14;2.16;1.94;2.57;3.74;3.74;3.12;0.35;-0.58
195805;6.44;3.02;3.83;4.08;5.16;4.48;3.26;2.51;3.22;1.93;0;-0.9
195806;3.75;2.79;3.59;2.4;3.18;2.4;3.13;2.89;3.06;2.99;0;1.49
195807;5.64;5.9;5.3;4.93;7.07;6.16;4.92;4.65;5.02;4.11;0.35;2.52
195808;4.48;3.04;2.97;3.12;3.72;3.39;2.69;3.03;1.57;1.68;-0.34;0.85
195809;6.64;5.69;5.06;6.69;5.16;4.72;5.71;4.16;4.46;4.9;0;0.82
195810;2.1;3.15;3.69;4.63;2.7;4.05;2.84;3.27;2.99;2.53;0;-0.05
195811;2.19;6.35;6.08;4.88;3.79;3.02;3.97;5.16;3.55;2.63;0.35;-0.55
195812;3.65;3.28;3.14;4.65;2.81;3.52;4.7;3.72;4.31;6.02;-0.34;1.56
195901;8.63;7.39;5.47;4.79;4.48;3.69;2.59;1.8;1.1;0.23;0.35;0.75
195902;3.42;3.41;3.61;2.97;3.17;3.7;3.11;3;1.87;0.38;-0.34;0.84
195903;0.31;2.1;3.3;1.56;0.75;0.98;1.75;0.23;0.91;0.28;0;-0.35
195904;1.87;2.4;1.68;4.07;3.13;4.14;3.65;3.22;2.87;4.27;0.35;-0.81
195905;0.11;3.18;-1.31;0.05;1.06;1.08;1.75;0.61;-0.12;2.77;0;-0.76
195906;-1.36;1.4;0.09;1.11;1.85;1.19;1.77;0.87;0.97;-0.52;0.34;0.24
195907;4.23;1.75;3.36;3.48;2.26;4.18;2.67;2.26;3.47;3.58;0.34;-0.13
195908;-1.63;0.08;-1.53;-2.03;-1.99;-0.15;-1.68;-2.04;-2.02;-0.91;0;1.05
195909;-3.42;-4.96;-4.11;-4.3;-4.74;-4.18;-5.24;-4.62;-5.02;-4.32;0.34;-1.49
195910;-0.06;2.55;1.78;2.89;2.46;3.03;1.39;4.11;2.71;0.92;0.34;-0.0900000000000001
195911;0.42;0.56;0.93;3.03;1.65;0.8;2.22;2.9;1.32;1.85;0;2.55
195912;1.3;3.59;3.01;2.49;2.57;1.97;1.71;0.67;1.78;3.4;0;2.22
196001;1.05;-2.24;-3.2;-4.65;-3.77;-5.58;-5.15;-5.17;-4.92;-7.56;-0.34;0.31
196002;-1.17;1.03;1.63;1.64;0.99;0.18;1.54;2.1;1.46;1.41;0.34;-0.36
196003;-1.25;-3.51;-2.93;-2.91;-2.56;-2.68;-2.16;-2.09;-0.6;-1.11;0;-3.07
196004;-3.29;-1.77;-2;-1.82;-2.46;-2.26;-1.19;-1.07;0.09;-1.92;0.34;1.82
196005;0.76;0.53;3.29;3.34;2.56;3.37;2.45;2.03;3.67;3.33;0;-2.67
196006;3.31;1.75;1.87;2.07;2.13;2.89;2.36;2.7;2.44;2.31;0.34;-1.45
196007;-1.44;-1.52;-2.46;-1.74;-1.86;-1.71;-2.7;-0.92;-2.21;-2.4;0;-1.13
196008;5.34;5.18;2.48;4.4;3.43;4.29;3.26;3.08;3.43;3.04;0;2.78
196009;-6.12;-5.92;-6.01;-6.68;-6.1;-5.75;-6.13;-5.02;-5.78;-5.87;0;-0.27
196010;-3.32;-2.44;-3.53;-1.8;-4;-2.02;-1.87;-1.26;-1.1;0.09;0.68;0.43
196011;1.9;1.48;5.16;3.87;6.05;5.96;5.22;6.2;6.39;4.27;0;0.74
196012;2.17;2.69;4.52;2.41;3.65;3.45;4.59;5.04;4.94;5.01;0;-2.27
196101;8.87;8.34;8.91;8.11;8.18;8.89;8.46;7.86;6.05;5.95;0;2.74
196102;6.13;6.42;7.79;7.31;7.27;5.7;6.5;4.96;5.01;2.73;0;-0.32
196103;5.94;7.63;7.31;5.2;4.97;4.74;5.66;4.27;2.39;2.58;0;-0.27
196104;3.45;0.23;2.66;2.4;-0.72;0.42;1.02;-0.28;-0.03;0.54;0;-2.72
196105;4.7;3.61;4.37;3.89;5.67;4.33;2.72;3.98;3.01;2.09;0;-0.5
196106;-5.41;-5.59;-4.7;-4.95;-5.28;-4.23;-3.37;-3.29;-2.99;-2.44;0;2.01
196107;-0.85;0.61;0.61;0.64;1.71;0.88;0.94;2.41;2.61;3.58;0.67;0.41
196108;1.29;0.69;0.77;1.77;0.19;1.64;2.79;4.47;3.83;2.42;-0.33;1.57
196109;-3.49;-3.58;-3.58;-3.65;-3.55;-1.72;-2.64;-2.68;-2.44;-1.62;0.33;1.07
196110;2.08;2.26;1.5;1.07;1.39;2.72;2.29;3.01;3.17;2.8;0;0.73
196111;4.36;5.92;6.16;5.74;5.03;4.73;4.71;3.36;3.56;4.87;0;0.45
196112;-0.51;0.78;-0.84;-0.35;-0.21;-0.49;-0.89;-1.97;-1.15;0.59;0;0.26
196201;3.84;0.99;0.97;-0.78;-1.03;-2.98;-1.93;-2.65;-1.77;-4.48;0;0.32
196202;2.78;1.24;1.33;1.37;0.6;1.93;2.14;1.3;1.08;2.34;0.33;0.16
196203;-1.01;1.32;-1.05;-0.57;-1.46;0.06;-1.3;-1.13;-0.01;-0.47;0;-1.11
196204;-7.09;-7.33;-6.98;-7.3;-6.94;-5.32;-6.65;-6.64;-6.85;-6.19;0.33;-0.26
196205;-11.24;-9.46;-9.96;-9.92;-9.69;-11.22;-9.26;-9.52;-8.37;-7.89;0;0.48
196206;-8.27;-7.03;-9.01;-6.73;-8.08;-7.37;-8.43;-9.24;-7.17;-8.44;0;0.92
196207;7.68;7.23;7.62;6.81;6.5;5.04;5.94;5.85;6.05;6.81;0.33;0.67
196208;3.17;2.55;3.8;3.03;3.66;2.07;3.44;2.11;2.8;2.09;0;-1.76
196209;-5.93;-7.58;-6.98;-7.5;-7.11;-5.86;-5.15;-5.27;-5.75;-4.51;0.33;-0.66
196210;-4.01;-4.35;-2.53;-3.83;-2.96;-1.15;-1.72;-1;-0.63;1.27;0;-0.54
196211;13.35;14.89;14.95;14.82;13.7;13.1;13.14;13.11;13.01;10.11;0;0.28
196212;-1.24;-2.67;-1.88;-2.72;-2.25;-0.53;-0.02;0.99;1.35;1.89;0;0.78
196301;10.87;11.14;9.36;8.04;8.34;6.12;6.37;5.69;5.05;4.63;0;0.66
196302;-0.3;0.22;-1.51;-2.18;-1.14;-1.47;-1.97;-1.42;-1.66;-2.48;0;0.04
196303;1.98;1.37;2.28;1.7;1.81;1.49;1.69;2.87;3.14;3.86;0.33;0.48
196304;2.85;2.92;5.44;2.92;3.76;3.83;4.14;4.84;4.54;4.98;0;-0.31
196305;6.47;4.39;3.55;3.62;3.65;3.66;2.46;1.94;3.06;1.61;0;0.12
196306;-1.93;-1.04;-1.39;-1.96;-1.85;-1.47;-1.93;-1.6;-1.16;-1.99;0.33;0.03
196307;-0.24;-0.43;-1.72;-0.89;-1.2;-2.07;-1.17;-1.56;-0.32;0.33;0.33;-0.17
196308;2.55;3.39;4.78;5.18;6.35;4.49;5.59;5.82;5.93;5.23;0;0.07
196309;-0.2;-1.85;-1.75;-1.88;-1.9;-1.5;-2.66;-1.88;-2.08;-0.91;0;0.19
196310;0.69;0.29;2.77;2.79;1;1.52;1.5;1.14;1.8;3.54;0.33;0.92
196311;-2;-2.05;-0.6;-1.79;-1.22;-1.67;-0.18;-0.34;-0.21;-0.55;0;0.45
196312;-2.31;-0.88;0.07;0.34;2.15;0.48;1.94;1.18;1.79;2.57;0.32;0.8
196401;4.76;3.4;2.6;0.77;2.45;1.31;0.96;1.37;1.16;3.19;0;0.79
196402;2.71;2.28;2.76;3.29;2.29;2.22;3.02;3.07;2.03;1.47;0;0.42
196403;2.34;2.41;3.99;3.43;4.11;3.27;2.86;3.06;1.83;1.26;0;0.33
196404;0.03;-0.78;-0.68;-0.42;-1.02;-0.49;0.28;-0.95;-0.52;0.91;0;-1.02
196405;0.77;0.2;1.89;2.73;1.39;0.95;2.04;2.17;0.99;1.76;0;-1.17
196406;1.25;1.07;1.13;1.28;0.94;1.87;1.58;1.31;1.45;1.61;0.32;-0.99
196407;3.76;2.37;3.65;1.8;1.85;3.07;1.9;2.16;3.33;1.68;0.32;0.66
196408;-0.43;-0.9;-0.62;-1.74;-0.61;-1;-0.56;0.08;-1.31;-1.31;-0.32;0.37
196409;5.09;3.8;2.94;3.02;2.87;2.97;3.73;3.79;3.14;2.78;0.32;0.36
196410;2.68;1.8;1.07;1.31;1.53;2.6;1.19;1.8;0.81;0.63;0;-0.29
196411;0.1;0.26;0.61;-1.58;0.31;0.64;0.02;0.11;0.34;0.3;0.32;-0.26
196412;-1.71;-2.22;-0.97;0.15;-0.33;-0.53;-0.41;-0.26;-0.31;0.76;0;0.95
196501;8.44;6.44;6.43;6.29;5.36;5.92;5.28;5.53;4.62;3.09;0;0.1
196502;3.22;2.6;3.7;4.15;4.6;3.3;2.66;2.78;2.6;-0.4;0;0.04
196503;2.27;2.41;1.11;-0.36;0.75;0.51;-0.12;-0.17;-0.6;-1.53;0.32;-0.44
196504;5.14;4.19;3.53;4.84;4.68;3.41;3.89;3.37;2.73;3.38;0.32;-0.48
196505;-0.13;-1.59;-1.23;-0.41;-0.48;-0.2;-0.91;-0.83;-0.46;-0.28;0;-0.43
196506;-9.73;-9.92;-8.63;-9.01;-8.18;-8.04;-7.84;-7.28;-5.84;-3.98;0.64;-0.36
196507;2.63;3.42;3.47;3.42;3.29;3.52;2.72;3.69;2.37;1.1;0;0.05
196508;4.1;4.38;4.21;5.22;7.4;5.16;4.04;4.38;3.5;2.43;0;0.92
196509;3.03;2.09;2.73;4.85;3.51;3.34;2.94;3.13;2.93;3.23;0;2.13
196510;8.11;6.52;5.64;6.19;5.6;4.84;3.75;4.11;3.39;2.18;0.32;-0.42
196511;7.17;4.15;2.69;6.43;5.34;3.84;3.52;3.16;1.69;-1.22;0;-1.33
196512;5.2;3.67;4.47;5.29;2.27;3.19;3.02;1.63;1.77;0.66;0.32;-0.98
196601;8.54;6.68;6.54;4.93;4.29;4.34;2.5;3.53;2.8;-0.46;0;-0.01
196602;5.49;3.85;3.57;2.38;2.58;2.16;1.01;0.28;-0.91;-1.89;0.63;2.37
196603;0.5;-1.96;-3.5;-0.66;-2.7;-3.33;-2.94;-1.49;-0.62;-2.48;0.31;-2.39
196604;6.99;5.14;8.15;4.58;3.73;3.74;3.34;3.01;2.17;1.9;0.62;-0.86
196605;-13.08;-9.3;-9.38;-10.13;-8.84;-7.67;-7.09;-6.19;-5.45;-4.01;0;-0.73
196606;-0.16;1.03;0.48;0.2;-0.3;0.59;-0.94;1.12;-0.44;-1.78;0.31;1.44
196607;-2.05;-1.77;-1.13;-2.3;-0.93;-0.97;-1.46;-1.75;-0.82;-1.27;0.31;-1.12
196608;-11.7;-9.7;-11.16;-10.08;-9.46;-8.69;-9.01;-8.07;-8.23;-6.71;0.62;-2.16
196609;-2.22;-1.64;-1.91;-1.45;-1.27;-1.78;-0.96;-1.19;-1.53;-0.21;0;-1.24
196610;-5.28;-2.5;-0.41;-1.58;0.82;2.16;0.8;3.55;4.99;5.4;0.61;0.31
196611;4.07;5.65;3.42;4.7;5.96;3.04;5.6;2.74;1.9;0.93;0;1.53
196612;1.47;2.24;2.59;1.9;2.59;1.64;2.35;2.57;2.22;-0.51;0;-2.02
196701;20.69;16.54;18.94;17.64;13.62;14.17;11.02;8.96;8.37;7;0;1.65
196702;6.56;4.96;2.98;3.19;1.97;0.97;1.7;0.41;1.01;0.83;0;0.74
196703;6.93;6.58;6.9;7;5.4;5.81;5.43;5.01;4.46;3.83;0.3;-0.49
196704;4.92;4.1;3.91;3.68;4.44;4.52;3.96;4.85;2.74;4.47;0.3;1.92
196705;-0.24;-0.26;-2.06;-1.3;-2.79;-0.66;-0.8;-2.28;-3.9;-5.02;0.3;-2.25
196706;13.3;11.07;7.23;8.61;5.82;5.15;4.65;3.59;2.02;1.45;0.3;0.15
196707;10.4;9.06;8.77;7.56;6.77;6.01;5.36;5.92;5.1;4.1;0.3;-1.5
196708;1.3;-0.3;0.69;-1.21;0.34;0.02;0.41;-0.49;-0.37;-0.87;0.3;0.41
196709;8.88;7.54;5.81;4.75;3.14;4.03;4.51;1.32;2.17;3.49;0.3;1.52
196710;-1.09;-2.57;-3.34;-1.82;-3.55;-2.45;-3.84;-5.24;-4.92;-1.81;0.3;1.27
196711;-1.09;1.1;0.33;1.2;1.41;0.47;1.64;0.83;0.31;0.75;0.3;-3.17
196712;11.65;9.8;9.63;8.65;6.85;6.17;3.82;2.71;3.15;2.32;0.3;0.25
196801;5.71;0.91;0.54;-1.12;-0.69;-3.12;-2.76;-3.72;-2.8;-4.56;0.59;-0.27
196802;-7.48;-5.97;-5.94;-6.11;-3.83;-4.73;-4.78;-4.18;-3.39;-2.34;0.29;0.88
196803;-1.53;-0.71;-1.23;-1.16;-1.3;0.95;0.73;-0.44;-0.22;1.24;0.29;1.04
196804;17.06;17.25;14.83;15.09;12.2;13.02;10.79;10.55;8.97;7.91;0.29;-0.88
196805;14.71;8.6;9.66;6.9;5.77;6.07;5.03;3.8;2.68;0.98;0.29;0.02
196806;1.56;-0.53;-0.01;0.89;2.2;-0.07;2.3;1.71;2.29;0.86;0.58;-1.55
196807;-2.24;-3.77;-1.82;-5.22;-2.65;-4.83;-5.49;-2.46;-2.23;-1.53;0.58;1.36
196808;4.71;4.29;3.79;2.64;4.05;2.74;1.3;2.52;1.48;1.38;0.29;2.17
196809;7.36;6.7;7.04;6.99;7.42;4.77;6.78;6.85;5.48;3.04;0.29;0.73
196810;0.16;0.1;1.33;0.1;1.56;1.17;1.21;0.49;1.59;0.76;0.57;-0.17
196811;7.1;7.25;8.31;8.51;8.26;7.99;7.83;7.31;6.3;4.89;0.28;-0.0699999999999998
196812;3.41;1.51;-1.25;-1.46;-1.42;-2.49;-3.1;-3.48;-2.78;-4.52;0.28;0.41
196901;-0.58;-0.85;-0.47;-0.51;-1.22;-1.95;-1.95;0.36;0.06;-0.97;0.28;2.94
196902;-10.77;-9.61;-8.33;-8.48;-7.99;-7.55;-7.55;-6.94;-5.97;-3.49;0.56;-1.37
196903;3.05;3.3;2.37;2.02;2.48;1.83;1.76;2.34;0.98;4.13;0.84;0.14
196904;0.13;1.17;1.6;1.08;1.18;0.97;2.01;1.06;1.93;2.5;0.55;-1.19
196905;1.27;0.76;0.54;-1.57;1.06;-0.17;-0.06;0.08;-0.74;0.62;0.28;1.52
196906;-13.77;-13.26;-11.74;-11.06;-11.08;-10.47;-9.19;-7.44;-6.54;-4.72;0.55;-2.63
196907;-11.58;-11.23;-9.78;-9.07;-8.39;-8.37;-7.44;-6.64;-6.35;-5.63;0.55;-1.16
196908;4.15;5.58;5.99;5.17;7.89;6.6;5.21;6.36;3.98;5.07;0.54;0.98
196909;-3.29;-3.42;-0.86;-0.2;-1.07;-1.04;-1.58;-1.97;-0.89;-3.04;0.27;2.85
196910;10.76;9.59;9.24;8.92;7.29;7.58;8.07;6.94;7;4.16;0.54;-3.72
196911;-7.06;-6.85;-4.53;-4.1;-5.19;-4.37;-3.98;-3.6;-3.48;-2.67;0.54;-1.11
196912;-8.71;-6.28;-7.11;-5.02;-2.88;-3.92;-1.75;-2.16;-2.57;-1;0.53;0.53
197001;-1.88;-6.03;-5.23;-5.13;-6.48;-7.07;-6.89;-8.15;-6.1;-8.12;0.27;0.87
197002;2.83;3.75;3.77;3.5;4.13;4.82;4.52;6.79;7.71;5.76;0.53;-3.66
197003;-4.13;-3.67;-2.39;-2.97;-1.69;-0.83;-0.36;-0.46;-0.42;0.12;0.53;0.53
197004;-18.87;-17.02;-17.26;-17.05;-14.47;-14.58;-13.32;-11.44;-10.78;-8.46;0.79;1.74
197005;-9.65;-9.41;-9.31;-11.56;-10.15;-9.78;-9.38;-8.49;-7.06;-4.74;0.26;2.44
197006;-8.09;-9.35;-7.48;-8.27;-5.18;-6.59;-5.51;-3.46;-4.74;-5.03;0.52;-6.29
197007;4.06;5.93;7.35;7.3;8.54;6.5;8.66;8.76;7.35;7.33;0.52;2.38
197008;5.97;6.45;8.24;6.81;5.88;7.17;5.46;6.07;5.54;4.48;0;2.94
197009;16.72;13.81;14.69;12.21;9.31;9.84;7.18;6.68;4.22;2.85;0.51;-1.64
197010;-8.81;-6.8;-6.53;-4.05;-5.1;-4.45;-3.85;-3.67;-2.13;-0.51;0.51;-0.74
197011;-2.81;-0.52;1.84;2.83;3.74;3.66;4.84;5.3;6.33;5.41;0.51;-0.12
197012;9.16;9.34;7.93;9.2;7.99;8.33;8.9;8.08;6.39;5.21;0.51;6.37
197101;17.43;12.24;12.88;9.88;10.1;7.88;6.8;7.73;5.13;3.44;0;-0.93
197102;6.83;4.85;1.94;3.79;2.27;2.61;1.95;2.8;1.19;1.27;0.25;-1.91
197103;6.19;5.46;5.5;5.78;7.31;5.81;4.91;5.09;3.37;4.01;0.25;-1.48
197104;1.47;2.91;3.36;3.26;4.89;4.71;4.02;3.97;3.38;3.42;0.25;-2
197105;-6.51;-5.23;-5.31;-4.01;-4.12;-3.53;-2.46;-4.01;-2.7;-3.82;0.5;-1.97
197106;-2.98;-1.2;-2.25;1.43;-1.2;-0.99;0.15;0.7;0.83;0.44;0.74;1.24
197107;-6.71;-6.57;-5.57;-5.38;-3.63;-5.83;-3.95;-4.63;-3.8;-3.81;0.25;-0.81
197108;3.12;5.4;5.24;5.06;3.79;6.59;5.84;4.92;3.81;3.95;0.25;0.65
197109;-0.18;-0.17;-1.25;-0.52;-0.74;0.06;-0.71;-0.29;-0.85;-0.44;0;-3.08
197110;-6.98;-6.07;-5.55;-4.24;-5.82;-6.37;-4.22;-3.96;-5.59;-3.28;0.25;0.74
197111;-5.56;-3.82;-3.75;-1.22;-1.86;-1.96;-1.2;-1.47;-1;0.98;0;0.53
197112;12.85;12.43;13.87;11.85;10.27;11.75;11.25;9.75;9.81;8.03;0.49;2.49
197201;14.69;11.5;7.75;7.53;5.64;5.04;4.25;2.44;2;1.69;0;0.56
197202;4.66;3.59;3.56;4;2.41;4.38;3.52;1.72;3.37;3.05;0.49;-0.41
197203;-0.86;-0.44;0.5;0.3;0.75;1.32;1.01;1.31;-0.29;1.11;0.24;0.98
197204;0.5;-0.16;1.56;0.52;0.39;0.2;0.64;-0.48;1.21;0.63;0.24;-0.48
197205;-2.84;-1.86;-3.3;-0.21;-1.11;0.08;2.1;-0.44;0.75;2.56;0.24;-0.43
197206;-4.2;-3.27;-2.17;-2.15;-3.48;-2.17;-2.83;-3.98;-3.13;-1.44;0.24;0.07
197207;-3.69;-5.02;-3.56;-4.16;-2.09;-2.48;-2.74;-2.61;-2.06;0.92;0.48;-1.91
197208;-0.11;-0.36;0.58;1.26;2.86;2.48;2.56;3.85;5.07;3.71;0.24;0.0399999999999999
197209;-4.44;-4.01;-3.49;-2.86;-1.87;-2.45;-3.42;-1.34;-1.91;0.16;0.24;0.66
197210;-3.22;-2.09;-1;-0.27;-0.55;-0.29;-0.84;0.64;0.96;1.45;0.48;-0.3
197211;4.3;4.82;6.14;6;5.78;5.2;7.45;7.39;6.65;3.98;0.24;1.06
197212;-2.88;-1.55;-2.51;-1.21;0.17;-0.65;-1.19;-0.95;-1.17;2.33;0.24;2.47
197301;-2.85;-5.15;-4.79;-7.4;-5.98;-6.21;-6.21;-5.23;-6.72;-0.59;0.24;3.81
197302;-8.07;-8.66;-8.47;-7.7;-8.19;-7.43;-5.94;-5.83;-3.81;-3.26;0.7;0.15
197303;-2.42;-2.8;-2.42;-2.37;-2.96;-2.98;-2.34;-2.77;-1.31;0.27;0.93;-0.24
197304;-7.24;-7.46;-7.09;-7.9;-5.91;-6.29;-7.5;-5.88;-5.14;-3.81;0.69;0.28
197305;-9.35;-8.82;-8.7;-8.35;-6.45;-6.34;-5.96;-4.59;-2.45;-0.67;0.69;0.47
197306;-3.49;-3.81;-2.36;-3.69;-3.41;-1.97;-3.53;-2.91;-3.36;0.21;0.68;-0.35
197307;12.31;12.72;13.33;11.91;10.01;9.07;9.49;9.66;7.23;3.49;0.23;-0.58
197308;-5.97;-5.07;-4.97;-4.46;-3.44;-3.44;-1.54;-2.35;-1.49;-3.4;1.81;0.27
197309;7.34;9.58;9.86;9.5;9.85;10.2;10.78;9.87;8.82;2.86;0.22;-0.43
197310;-0.01;-1.23;-0.82;-0.29;-0.99;0.73;-0.36;-0.78;-1.67;0.27;0.89;0.89
197311;-19.57;-18.64;-17.94;-17.77;-16.91;-17.14;-17.24;-15.27;-12.08;-10.02;0.66;-0.7
197312;-4.95;-2.44;-1.76;-1.12;-0.95;1.08;0.98;3.62;1.57;1.39;0.65;-0.19
197401;13.77;10.94;9.36;7.97;6.59;6.29;3.41;2.26;1.64;-1.96;0.87;0.14
197402;0.11;-0.58;1.42;0.77;0.28;-0.3;-0.17;0.96;0.32;-0.04;1.29;0.37
197403;1.58;-0.54;-0.98;-0.71;-1.6;-1.96;-2.72;-3.3;-3.29;-2.15;1.27;0.0900000000000003
197404;-5.19;-5.81;-6.93;-5.31;-5.75;-5.73;-6.49;-6.34;-6.04;-3.51;0.42;-1.34
197405;-7.19;-7.29;-7.97;-7.09;-7.82;-8.33;-7.9;-6.4;-6.48;-1.84;1.25;-0.69
197406;-2.79;-3.08;-2.87;-2.67;-2.88;-4.43;-3.47;-3.58;-3.1;-1.51;0.82;-3.47
197407;-5.66;-5.63;-4.98;-4.71;-4.3;-3.06;-5.34;-4.52;-5.99;-8.65;0.82;-1.28
197408;-8;-8.6;-8.49;-7.96;-8.84;-8.38;-9.62;-9.6;-10.22;-8.37;1.21;0.51
197409;-7.71;-8.45;-8.73;-8.18;-8.42;-7.99;-8.89;-8.22;-7.71;-12.61;1.2;-0.9
197410;7.03;10.1;10.11;9.65;9.97;11.63;15.55;14.94;18.2;18.06;0.99;4.7
197411;-5.86;-5.05;-4.08;-4.63;-3.57;-3.85;-3.23;-1.95;-2.03;-4.59;0.78;-0.04
197412;-8.5;-6.43;-6.86;-5.61;-5.51;-4.44;-5.33;-3.1;-1.34;-2.13;0.78;-1.05
197501;26.88;28.51;25.78;24.33;24.8;20.9;22.41;19.07;15.13;10.81;0.39;3.05
197502;4.44;4.5;5.65;3.73;3.62;4.73;3.88;3.94;4.51;7.09;0.77;0.47
197503;8.33;7.8;5.8;6.22;5.89;4.99;6.38;4.87;2.91;1.97;0.38;0.81
197504;3.1;4.23;3.62;3.59;4.64;4.78;4.87;4.53;4.26;4.9;0.38;1.19
197505;8;8.15;7.84;7.74;5.72;5.54;7.6;5.31;5.04;5.41;0.57;-1.98
197506;7.43;6.22;7.42;6.23;5.79;5.84;5.95;7.79;6.9;4.18;0.75;0.7
197507;0.66;-2.08;-3.62;-2.88;-3.86;-4.38;-4.66;-6.79;-5.81;-6.91;1.12;0.61
197508;-5.91;-5.92;-5.57;-4.48;-3.71;-3.98;-3.72;-3.3;-2.15;-1.63;0.18;-1.22
197509;-3.4;-3.48;-3.26;-4.03;-3.76;-4.17;-3.95;-4.03;-3.3;-3.75;0.55;-0.1
197510;0.76;2.34;2.66;2.7;1.77;3.78;5.12;6.34;5.23;6.74;0.55;0.16
197511;1.71;2.22;2.96;2.02;1.97;3.59;3.59;4.39;2.48;3.1;0.73;0.49
197512;-1.26;-0.52;-1.5;-1.1;-0.15;0.16;-0.2;-1.01;-0.05;-1.54;0.36;0.31
197601;19.79;19.04;18.91;17.33;16.98;16.39;15.5;14.4;13.03;11.02;0.18;0.67
197602;12.71;9.39;8.41;8;5.94;5.83;4.08;2.34;1.61;-1.69;0.36;0.36
197603;1.74;1.87;0.58;1.33;1.67;1;2.11;1.62;0.97;3.67;0.18;-0.54
197604;-1.02;-1.73;-0.91;-1.4;-0.23;-1.1;-1.28;-1.35;-0.77;-1.1;0.36;-0.08
197605;-2.98;-2.03;-1.65;-2.22;-0.9;-1.68;-1.22;-1.64;-0.27;-0.78;0.71;0.25
197606;1.97;3.05;2.92;3.86;5.39;5.81;4.82;5.69;4.96;4.27;0.53;-0.47
197607;-0.01;0.41;0.33;0.78;0.2;-0.46;-0.19;-0.07;-0.7;-0.84;0.53;0.84
197608;-1.8;-0.96;-2.64;-1.64;-1.44;-1.91;-0.43;-0.86;-0.09;0.37;0.53;0.17
197609;1.28;2.5;2.63;3.58;2.61;2.45;2.1;2.05;2.32;2.54;0.35;0.03
197610;-1.75;-1.67;-2.47;-1.82;-1.69;-1.87;-2.46;-1.31;-2.84;-1.91;0.52;-0.19
197611;2.22;4.27;4.12;3.5;3.75;4.2;3.22;3.03;2.16;-0.76;0.17;-0.18
197612;10.5;9.12;10.25;9.19;9.43;7.32;7.91;7.24;6.94;4.75;0.34;-0.0699999999999998
197701;5.37;3.21;2.07;1.12;0.4;-0.51;-2.11;-2.79;-3.97;-5.23;0.52;0.86
197702;0.44;-0.18;-1.14;-0.47;-1.06;-2.61;-1.59;-2.51;-2.39;-1.36;1.03;0.25
197703;1.07;0.59;0.04;0.06;0.39;0.47;0.12;-0.03;0.04;-1.87;0.68;-0.2
197704;2.14;1.62;2.14;1.77;1.08;2.19;1.55;1.62;2.14;-0.54;0.84;0.45
197705;0.7;-0.17;-0.2;0.03;0.12;-0.25;-0.56;-0.77;-0.14;-1.74;0.5;-0.24
197706;5.98;6.2;5.99;7.26;6.87;6.12;4.98;5.78;4.2;4.91;0.66;-0.2
197707;1.78;0.64;0.16;-0.27;-0.24;-0.67;-1.31;-1.99;-2.1;-1.34;0.49;0.9
197708;-0.19;-0.72;-0.38;-0.79;-0.43;-0.28;-2.01;-1.59;-2.38;-1.17;0.33;-0.78
197709;2.11;1.24;0.63;0.36;1.93;0.51;-0.08;1;-0.14;-0.18;0.33;0.16
197710;-2.27;-2.52;-2.45;-2.58;-2.21;-3.07;-2.68;-4.12;-3.8;-4.35;0.33;0.41
197711;7.66;8.59;8.52;7.62;6.85;7.05;6.61;6.57;4.34;3.17;0.49;-0.27
197712;2.67;2.89;1.98;1.52;1.73;0.96;1.41;0.17;0.57;0.5;0.32;0.75
197801;-0.2;-2.01;-2.83;-3.94;-4.22;-4.48;-5.48;-5.5;-5.38;-6.27;0.64;0.08
197802;3.75;2.83;1.2;1.53;1.73;0.33;0.6;-1.54;-1.92;-1.63;0.64;0.34
197803;7.58;7.05;6.89;6;5.41;5.49;5.04;4.72;4.5;1.79;0.79;0.62
197804;8.36;8.21;7.95;7.84;7.62;7.68;7.12;7.02;7.67;9.23;0.79;-0.25
197805;8.25;5.65;6.09;5.19;5.3;4.68;3.92;3.13;2.9;0.68;0.94;-0.44
197806;0.79;0.71;0.09;0.3;0.24;0.1;0.11;-0.75;-1.24;-1.87;1.09;0.81
197807;4.83;6;5.98;6.93;5.31;4.83;6.17;6.78;5.18;5.6;0.77;-0.37
197808;10.38;7.04;8.27;8.44;6.85;7.32;5.14;5.09;3.59;3;0.46;0.02
197809;0.38;-1.27;-1.5;-1.16;-1.07;-1.57;-1.74;-0.97;-0.71;-0.57;0.76;0.52
197810;-20.82;-20.85;-19.96;-18.74;-18.01;-16.48;-14.52;-13.21;-11.8;-7.63;0.9;-0.16
197811;4.58;6.01;6.73;5.87;5.87;3.93;3.25;3.13;3.19;2.95;0.45;-0.4
197812;2.04;1.67;2.04;2.93;2.46;1.8;1.24;1.18;0.49;1.93;0.45;-0.34
197901;9.98;9.2;8.76;7.75;6.93;7.71;5.88;6.34;5.23;3.61;0.89;-0.14
197902;-1.63;-2.71;-2.14;-2.99;-1.81;-3.03;-2.91;-3.82;-2.67;-2.87;1.17;0.34
197903;7.97;9.02;9.54;9.06;10.05;9.13;7.51;8.64;7.53;4.88;1.01;-0.3
197904;3.23;2.83;1.12;3.1;2.19;1.37;2.31;0.96;-0.13;0.23;1.15;0.72
197905;-1.15;-1.61;-1.23;-1.09;-1.54;-1.84;-1.03;-0.64;0.18;-1.94;1.27;-0.17
197906;5.3;5.51;6.75;6.43;6.03;4.76;5.9;6.64;5.96;3.56;1.12;-0.59
197907;1.83;3.11;2.76;3.3;2.98;4.1;3.47;1.97;2.79;0.49;1.11;0.49
197908;7.29;7.74;7.87;7.71;8.09;6.54;7.53;7.07;6.02;5.71;0.96;0.4
197909;-0.61;-0.25;-1;0.03;0.44;-1.27;0.3;-1.16;0.14;0.29;1.08;-0.98
197910;-10.26;-11.01;-11.39;-10.08;-9.33;-9.04;-8.83;-8.54;-7.95;-5.65;0.8;-1.17
197911;7.06;8.06;8.76;8.05;9.28;7.6;8.26;7.34;6.75;5.02;0.93;-0.3
197912;8.47;6.51;6.48;6.42;5.21;3.75;4.49;3.15;3.87;1.11;1.05;-1.66
198001;11.52;8.35;7.48;6.61;6.95;6.54;6.24;6.17;6.15;5.85;1.43;1.09
198002;-0.56;-1.54;-1.07;-2.46;-2.37;-3.14;-2.42;-2.27;-2.97;1.47;1.41;0.46
198003;-19.11;-18.22;-17.64;-16.87;-17.41;-14.75;-14.19;-12.99;-10.15;-9.45;1.52;-1.2
198004;5.23;7.38;6.26;5.76;6.58;8;5.83;7.01;4.87;4.3;1.12;0.449999999999999
198005;6.59;7.21;8.32;9.18;8.11;7.48;9.39;7.76;5.95;4.91;0.99;1.2
198006;4.45;4.76;4.17;5.43;5.37;4.3;4.93;4.93;3.78;2.76;1.1;-1.16
198007;9.3;10.67;10.48;10.96;9.21;9.24;8.94;6.89;8.17;5.62;0;0.92
198008;8.24;7.3;6.25;5.61;4;4.57;3.68;1.45;2.51;1.22;0.73;-1.04
198009;4.47;3.89;3.48;2.73;3.29;3.18;3.23;2.93;3.61;2.61;0.84;0.6
198010;6.13;3.89;3.57;3.21;3.2;1.65;0.9;0.78;1.51;1.97;0.95;1.53
198011;7.6;7.59;8.18;8.42;5.8;7.98;10.03;7.08;9.17;12.78;0.83;-1.38
198012;-4.35;-4.8;-3.48;-2.18;-2.18;-2.94;-2.42;-2;-2.09;-3.58;0.94;-1.35
198101;0.02;-1.12;-0.9;-1.5;-1.03;-2.07;-2.87;-2.86;-3.79;-5.5;0.81;0.01
198102;-0.43;-0.32;0.81;2.36;1.78;2.2;1.54;2.83;1.35;1.87;1.03;1.27
198103;7.13;8.06;7.83;7.76;7.07;8.45;8.57;7.91;7.3;1.67;0.68;-0.0700000000000003
198104;3.56;4.24;2.5;3.75;2.37;2.08;0.43;-0.31;-0.57;-2.8;0.68;-2.4
198105;3.4;3.53;3.48;3.37;2.78;2.98;2.89;1.78;1.68;-0.01;0.79;0.97
198106;-1.52;-1.46;-2.18;-2.88;-1.12;-2.35;-2.27;-0.93;-2.05;0.2;0.89;0.71
198107;-2.48;-3.24;-2.01;-2.19;-1.46;-2.12;-1.66;-0.58;-1.05;0.91;1.1;-0.31
198108;-8.43;-8.22;-7.68;-7.11;-5.98;-6.8;-5.71;-4.98;-5.83;-5.25;0.76;0.62
198109;-10.16;-8.6;-8.29;-6.64;-7.37;-5.5;-6.35;-7.04;-5.82;-5.17;0.98;-0.24
198110;7.34;8.49;8.29;8.2;7.34;7.15;6.35;6.44;7.26;5.14;0.21;-2.7
198111;1.15;3.19;3.8;4.07;3.51;2.1;4.83;4.71;3.95;5.1;0.32;1.3
198112;-2.1;-1.47;-1.49;-1.99;-1.63;-2.3;-2.13;-2.81;-2.48;-3.26;0.32;-1.08
198201;-1.23;-2.66;-2.82;-4.15;-4.52;-3.19;-4.75;-3.28;-3.04;-1.51;0.32;-1.19
198202;-4.37;-4.51;-4.61;-4.14;-4.82;-3.29;-4.48;-3.4;-4.61;-5.67;0.32;1.23
198203;-1.16;-1.28;-0.74;-0.95;-0.22;-0.32;-0.8;-1.15;-1.17;-0.75;-0.11;0.59
198204;4.8;5.93;5.34;6.1;5.54;5.31;4.54;5.34;5.17;3.68;0.42;0.14
198205;-1.84;-1.65;-2.73;-3.65;-2.4;-2.55;-3.93;-4.04;-4.4;-2.12;0.95;1.79
198206;-2.74;-3.18;-2.71;-1.81;-2.82;-1.86;-2.4;-1.9;-2.72;-1.75;1.25;-2.5
198207;-1.74;-2.07;-2.03;-0.09;-1.46;-1.99;-2;-3.5;-3.57;-1.73;0.52;0.87
198208;4.43;6.97;7.53;8.58;11.1;11.24;11.93;12.99;12.24;12.65;0.21;0.139999999999999
198209;3.23;4.21;4.08;4.12;4.67;3.33;2.38;3.42;1.56;0.82;0.2;0.300000000000001
198210;12.94;15.39;14.55;13.51;13.74;14.11;15.38;13.14;11.71;10.51;0.31;-0.350000000000001
198211;11.76;8.1;8.27;9.16;8.95;8;7.47;5.56;5.02;3.76;-0.2;3.2
198212;2.02;1.95;0.91;0.44;0.45;0.58;0.83;1.77;0.99;1.37;-0.41;-2.05
198301;11.62;8.27;5.98;6.8;5.02;4.09;3.44;3.63;2.74;3.9;0.2;1.91
198302;5.34;5.4;6.48;5.56;5.56;4.75;4;2.74;2.99;2.42;0.1;-0.85
198303;5.65;4.55;4.38;3.66;4.95;4.51;3.21;2.88;3.83;3.07;0;1.65
198304;7.93;8.48;7.61;8.73;6.89;6.67;6.63;6.47;6.63;7.68;0.72;2.03
198305;10.3;8.43;5.95;5.13;3.87;4.35;4.35;3.4;2.13;-1.95;0.61;0.59
198306;4.58;3.28;4.74;4.55;4.76;3.57;4.45;2.46;3.51;3.81;0.3;-0.78
198307;-2.46;-1.85;-2.07;-3.84;-2.47;-3.35;-3.67;-3.11;-3.3;-3.57;0.4;0.24
198308;-4.6;-2.81;-3.55;-2.74;-3.2;-2.28;-1.1;0.64;-0.29;2.11;0.3;0.24
198309;-0.81;0.49;2.61;2.58;2.5;4;3.34;1.69;2.21;1.12;0.5;-1.15
198310;-5.95;-6.21;-5.9;-6.59;-5.6;-4.32;-4.21;-3.27;-2.47;-1.02;0.3;1.14
198311;2.58;3.88;3.98;6.04;4.41;5.17;4.5;4.8;2.52;1.64;0.2;-0.42
198312;-2.2;-1.33;-0.84;-1.8;-1.85;-1.53;-1.92;-2.09;-1.71;-0.17;0.1;0.12
198401;0.72;-0.91;-1.4;-1.43;-2.54;-4.34;-3.47;-3.26;-1.27;0.05;0.59;0.3
198402;-5.61;-5.77;-5.1;-4.62;-5.49;-6.03;-5.66;-4.59;-5.01;-2.79;0.49;0.04
198403;0.38;1.06;1.09;0.6;1.62;1.1;2.09;1.71;2.48;0.77;0.2;-0.8
198404;-2.46;-0.79;-0.35;0.08;-0.02;-0.32;-0.57;-2.3;-0.86;1.74;0.49;0.03
198405;-5.15;-4.96;-4.7;-5.54;-6.14;-5.21;-5.1;-5.54;-5.18;-4.95;0.29;0.57
198406;0.89;2.98;2.53;3.76;3.55;3.3;3.54;3.31;3.32;2.64;0.29;0.63
198407;-5.43;-4.2;-4.77;-3.62;-3.6;-2.87;-3.99;-3.18;-1.48;-0.64;0.39;-1
198408;7.71;10.61;12.6;11.41;13.04;12.58;11.56;12.79;11.13;10.62;0.38;0.16
198409;-0.11;-0.46;-0.71;-0.55;0.53;-0.04;-0.11;0.92;0.4;-0.06;0.48;-0.18
198410;-2.22;-1.93;-1.07;-0.73;0.15;-1.13;-0.98;1.01;1.03;0.43;0.29;-0.17
198411;-3.78;-1.72;-2.61;-1.9;-0.3;-0.26;-1.04;-0.69;-0.02;-1.12;0;1.12
198412;0.09;1.87;2.34;1.82;2.93;2.65;2.25;3.05;3.24;2.39;0;0.17
198501;12.92;12.5;13.01;11.69;10.61;10.39;10.99;9;6.96;7.4;0.19;-0.71
198502;4.33;2.64;2.36;2.68;1.63;0.6;1.14;1.94;2.12;1.57;0.47;1.34
198503;-1.33;-1.54;-2.19;-1.53;-0.97;-1.41;-0.16;-0.25;1.21;-0.06;0.38;-1.26
198504;-0.92;-0.03;-1.35;-0.04;0.2;-0.46;-0.97;-0.23;-0.44;-0.01;0.47;1.05
198505;2.38;3.39;4.36;4.01;5.14;4.7;5.03;6.22;7.33;5.98;0.37;-1.17
198506;1.09;2;1.87;3.25;2.79;2.73;1.72;2.21;2.7;1.26;0.28;-0.97
198507;2.38;2.83;2.94;2.8;1.66;1.72;0.4;-0.4;-1.72;-0.59;0.19;-0.17
198508;-0.49;-0.45;-0.7;-0.25;-1.01;-0.78;-0.22;-0.53;-0.34;-0.44;0.19;0.48
198509;-6.1;-5.23;-5.66;-5.62;-5.15;-4.32;-5.19;-5.01;-4.32;-2.8;0.28;0.63
198510;1.23;3.45;4.23;4.2;3.95;3.3;4.75;5.61;6.61;4.35;0.37;-0.19
198511;4.57;7.2;7.52;7.69;7.7;6.39;7.97;6.58;7.12;7.13;0.28;-0.649999999999999
198512;3.18;4.53;4.95;3.88;4.52;3.97;3.74;4.12;3.91;5.12;0.28;-2.02
198601;4.81;2.61;1.18;1.42;2.24;2.36;1.76;1.76;2.64;-0.11;0.27;0.27
198602;5.94;6.97;8.43;7.1;8.05;6.82;7.38;8.02;8.62;7.55;-0.27;-2.75
198603;4.19;5.54;4.43;4.82;4.48;6.63;6.82;4.23;4.56;5.95;-0.46;-7.91
198604;1.79;1.83;0.65;1.58;1.94;0.54;-1.26;-0.78;-2.54;-1.03;-0.18;-0.11
198605;3.52;4.44;3.2;4.58;4.6;5.37;4.89;5.33;5.68;5.34;0.28;2.05
198606;1.11;0.67;0.97;1.34;0.5;1.31;0.87;1.78;1.45;1.91;0.55;-4.57
198607;-8.13;-8.65;-9.53;-8.27;-9.29;-7.25;-6.32;-6.98;-5.23;-4.88;0;2.27
198608;0.03;1.52;3.11;4.4;4.14;6.71;6.92;7.7;7.08;7.25;0.18;-0.86
198609;-6.2;-6.83;-6.4;-6.74;-6.43;-6.3;-6.31;-7.42;-8.3;-9.12;0.46;2.72
198610;1.43;2.34;3.89;4.16;3.18;3.17;5.37;5.82;6.57;5.35;0.09;1.4
198611;-1.29;-0.58;-0.32;-0.52;0.26;-0.08;0.78;0.86;1.36;2.62;0.09;0.86
198612;-4.18;-3.38;-2.57;-2.75;-2.05;-2.37;-2.88;-3.71;-3.67;-2.28;0.09;1.48
198701;10.74;10.92;11.96;12.03;11.52;12.09;13.27;12.61;12.56;13.39;0.63;1.42
198702;8.08;8;7.26;8.29;6.75;6.82;5.81;5.21;4.87;3.5;0.36;0.01
198703;3.35;1.7;2.65;1.44;1.8;1.04;1.78;1.18;1.08;2.7;0.45;2.23
198704;-1.99;-2.22;-2.1;-3.7;-3.18;-1.97;-1.52;-3.5;-2.29;-0.86;0.54;1.09
198705;-0.1;-0.57;-0.17;-1.12;0.77;0.21;0.7;0.48;0.08;0.91;0.35;0.95
198706;1.73;1.08;2.44;2.82;2.79;3.65;3.16;4.29;5.18;5.17;0.35;-0.74
198707;2.09;2.62;2.86;3.43;4.07;4.62;4.52;5.25;4.89;4.31;0.26;1.99
198708;0.99;2.43;3.76;3.55;4.29;2.16;4.13;3.16;3.31;4.67;0.53;1.66
198709;-1.16;-2.64;-2.3;-1.88;-2.12;-2.53;-1.14;-1.68;-2.43;-2.26;0.52;0.970000000000001
198710;-28.92;-30.5;-28.98;-29.48;-28.1;-26.07;-26.22;-24.46;-22.18;-19.75;0.26;-3.53
198711;-5.34;-5.37;-4.51;-5.12;-4.37;-3.86;-4.58;-5.93;-6.37;-9.15;0.09;1.31
198712;1.65;6.21;6.61;9.12;8.39;8.11;9.42;8.06;7.79;6.58;0;-0.18
198801;7.38;5.1;4.71;3.66;3.56;5.03;3.16;4.2;5.9;4.37;0.26;-1.06
198802;6.1;6.86;7.08;9.42;7.92;7.59;7.69;7.57;4.86;3.77;0.26;-0.0600000000000001
198803;4.28;4.85;3.61;3.6;2.32;0.98;0.92;0.64;-2.01;-4.22;0.43;1.88
198804;1.12;2.46;1.91;2.92;0.76;0.62;0.33;0.66;0.61;1.08;0.52;0.79
198805;-2.39;-2;-2.61;-2.46;-1.19;0.13;-0.6;0.24;-0.32;1.2;0.34;1.31
198806;5.09;5.75;7.25;7.67;6.6;6.18;7.3;6.26;5.13;4.4;0.43;-1.43
198807;0.09;-0.37;-0.36;-0.97;-1.36;-2.29;-2.05;-1.6;-1.6;-0.03;0.42;1.75
198808;-2.24;-2.66;-1.92;-3.18;-2.84;-2.08;-1.75;-1.8;-2.7;-3.14;0.42;0.57
198809;1.1;2.27;3.19;2.35;2.86;2.35;3.81;2.83;5.09;4.31;0.67;-0.79
198810;-1.72;-1.51;-0.46;-1.1;0.14;0.02;0.41;0.28;1.66;3.18;0.33;-0.5
198811;-4.36;-3.57;-3.24;-2.52;-2.15;-2.66;-1.74;-2.44;-2.65;-0.88;0.08;1.17
198812;2.12;2.78;4.68;3.38;3.74;3.47;2.04;2.18;1.91;1.77;0.17;-1.14
198901;4.93;4.94;5.02;4.27;4.46;6.05;5.82;6.05;7.19;7.19;0.5;-0.4
198902;0.36;0.46;1.22;1.48;0.49;0.32;-0.2;0.04;-1.44;-2.98;0.41;1.14
198903;1.88;2.51;2.41;1.93;3.76;0.72;1.04;1.75;2.48;2.42;0.58;-0.46
198904;2.86;2.76;4.37;4.73;5.39;4.91;5.79;4.9;4.88;5.29;0.65;-0.66
198905;2.93;3.26;3.61;3.84;4.78;4.66;4.02;3.94;4.82;4;0.57;-0.21
198906;-1.16;-1.66;-2.03;-1.98;-1.27;-0.77;-0.66;0.26;0.39;-0.79;0.24;-2.82
198907;2.65;3.05;4.73;4.1;4.91;4.72;6.76;8.11;7.93;9.21;0.24;-0.25
198908;1.96;1.82;3.38;3.23;3.01;3.43;4.02;3.07;3.4;1.21;0.16;1.09
198909;-0.08;0.53;0.2;0.91;0.2;-0.76;-1.16;-1.72;-0.48;0.41;0.32;0.1
198910;-5.7;-5.77;-5.49;-6.41;-5.48;-4.97;-4.52;-4.71;-4.64;-1.17;0.48;-1.61
198911;-1.22;0.25;1;0.23;1.18;1.7;0.54;2.09;1.17;2.26;0.24;-0.18
198912;-2.14;-0.66;0.71;0.22;-0.4;0.98;1.43;2.17;1.64;2.41;0.16;0.4
199001;-5.56;-8.02;-8.79;-8.81;-9.17;-7.56;-7.25;-8.38;-7.03;-6.77;1.03;2.38
199002;1.22;2.73;4.14;2.26;2.95;2.79;1.54;2.27;1.89;1.18;0.47;0.47
199003;2.03;2.74;4.84;3.16;3.78;1.9;3.64;1.99;1.03;2.65;0.55;0.15
199004;-2.14;-3.59;-2.11;-4.86;-3.29;-3.9;-4.74;-4.28;-4.04;-1.61;0.16;1.12
199005;4.06;6.18;7.94;6.79;6.75;8.58;9.06;9.14;9.52;9.48;0.23;-1.04
199006;1.33;-0.26;-0.53;-0.02;1.03;-0.45;-0.81;-0.87;-1.64;-0.32;0.54;-0.41
199007;-4.01;-4.52;-4.21;-4.19;-3.78;-3.74;-1.69;-2.61;-1.92;0.07;0.38;0.44
199008;-12.48;-13.94;-13.18;-12.56;-12.54;-11.51;-9.94;-10.19;-9.46;-8.51;0.92;2.22
199009;-8.59;-9.41;-8.82;-9.25;-9.51;-7.24;-5.88;-8.02;-6.32;-4.02;0.84;-0.12
199010;-6.95;-6.24;-5.98;-5.68;-5.74;-3.77;-2.96;-2.9;-2.67;0.58;0.6;-1.27
199011;1.63;4.12;6.82;7.88;9.17;8.96;7.97;9.57;9.78;5.62;0.22;-1.92
199012;-1.14;1.54;3.12;5.36;4.53;4.99;4.45;3.78;4.17;2.39;0;-0.58
199101;7.3;8.31;8.45;7.58;9.17;6.9;6.43;5.99;6.24;4.04;0.6;0.36
199102;12.78;12.81;10.48;11.61;10.07;8.72;10.09;7.85;7.96;6.67;0.15;0.71
199103;9.67;6.43;6.75;5.92;5.26;4.62;3.4;4.38;2.93;2.22;0.15;0.97
199104;2.69;-0.14;0.22;0.41;1.09;-0.15;0.04;1.24;1.63;-0.26;0.15;0.19
199105;2.6;3.87;4.72;3.99;4.35;4.27;4.52;5.3;5.01;3.65;0.3;0.72
199106;-4.04;-5.08;-4.17;-4.4;-3.74;-4.29;-3.89;-5.12;-5.61;-4.22;0.3;0.93
199107;2.17;4.14;3.73;4.15;4.92;5.57;4.95;4.5;4.64;4.83;0.15;0.22
199108;1.86;4.05;3.35;3.94;4.99;3.87;2.32;2.55;2.62;2.61;0.29;-0.88
199109;0.89;1.6;1.34;-0.21;-0.17;-0.79;-0.66;-0.58;-0.94;-1.64;0.44;-0.75
199110;2.32;5.14;2.6;2.15;2.71;2.33;1.14;2.23;2.44;1.16;0.15;0.79
199111;-1.24;-4.72;-5.56;-4.65;-5.46;-3.94;-3.56;-3.83;-4.67;-3.31;0.29;1.32
199112;2.81;6.52;7.24;9.37;10.67;11.35;10.05;11.41;11.66;11.67;0.07;-2.65
199201;16.73;11.76;7.81;6.86;5.28;3.89;1.2;1.23;-0.01;-2.77;0.15;1.66
199202;5.12;3.75;2.36;2.46;2.39;3.01;2.04;1.99;2.21;0.52;0.36;0.79
199203;-1.1;-4.61;-3.81;-3.5;-2.5;-2.28;-2.72;-3.12;-2.32;-1.82;0.51;0.36
199204;-5.21;-4.89;-4.51;-3.29;-1.07;-2.15;-0.26;1.57;2.03;2.97;0.14;0.52
199205;0.23;-0.08;0.27;1.19;0.79;1.03;0.7;0.49;0.6;0.64;0.14;-0.47
199206;-4.72;-5.42;-4.01;-3.5;-3.23;-2.71;-2.94;-1.53;-1.71;-1.6;0.36;0.33
199207;2.46;3.12;4.08;3.3;4.11;5.04;3.77;4.49;4.22;4.07;0.21;-1.44
199208;-3.29;-3.04;-2.67;-2.56;-3.34;-2.23;-2.43;-1.98;-2.54;-1.82;0.28;0.48
199209;0.76;1.07;3.58;1.96;2;3.07;1.1;1.77;2.53;0.9;0.28;-0.0900000000000001
199210;1.35;3.24;3.43;3.5;3.91;3.25;2.61;3.05;1.92;0.07;0.35;0.8
199211;7.41;10.31;8.44;7.32;7.34;6.97;4.61;4.98;4.5;3.17;0.14;-0.04
199212;4.9;3.08;2.92;3.52;3.54;3.74;2.92;2.95;1.15;1.13;-0.07;-0.66
199301;7.94;3.67;3.45;2.42;2.51;1.69;1.62;2.54;1.82;0.03;0.49;-0.29
199302;-2.04;-4.44;-3.01;-2.29;-1.4;-1.63;-0.09;0.01;0.73;1.26;0.35;-1.07
199303;3.63;2.74;2.9;2.66;3.54;4.71;3.75;3.28;3.13;1.79;0.35;0.01
199304;-1.6;-3.49;-2.79;-2.82;-3.13;-2.29;-2.62;-3;-2.86;-2.76;0.28;0.16
199305;3.41;4.48;5.47;3.99;4.71;4.9;3.23;3.93;2.41;2.65;0.14;0.12
199306;1.45;-0.19;0.23;0.82;1.98;-0.29;1.34;1.31;0.32;0.27;0.14;-1.49
199307;1.42;1.27;1.2;0.98;1.35;-0.07;0.44;0.11;0.5;-0.66;0;-0.93
199308;3.7;4.23;4.63;5.03;3.85;4.43;4.28;5.65;4.07;3.45;0.28;-2.11
199309;3.78;2.61;2.62;3.67;2.34;1.52;0.71;0.05;-0.19;-0.58;0.21;-0.83
199310;5.06;4.27;3.95;1.3;2.22;0.11;0.51;1.16;0.6;1.92;0.41;-1.02
199311;-2.95;-3.24;-3.14;-3.72;-2.79;-2.5;-3.8;-2.3;-1.28;-0.86;0.07;1.94
199312;0.11;1.49;2.83;3.73;4.75;4.03;4.28;3.59;2.34;0.68;0;0.92
199401;5.55;3.79;3.21;2.14;1.97;2.8;3.1;2.83;2.7;3.2;0.27;-0.0499999999999998
199402;-0.92;-1;-0.48;-0.93;0.74;-0.36;-1.36;-1.8;-2.11;-3.27;0.34;2.13
199403;-4.52;-5.17;-6.77;-5.55;-4.46;-5.35;-4.32;-4.83;-3.57;-4.29;0.34;1.04
199404;-1.47;-0.77;-0.08;0.76;0.12;0.33;1.18;0.48;0.27;1.56;0.14;0.9
199405;-0.45;-1;-1.22;-1.44;-1.85;-0.83;-1.2;0.46;0.82;2.03;0.07;0.27
199406;-2.09;-3.97;-3.38;-2.75;-3.17;-1.7;-3.05;-3.25;-3.01;-2.35;0.34;0.77
199407;0.62;0.37;2.47;1.91;2.33;3.47;3.89;3.12;3.37;3.24;0.27;-0.35
199408;2.66;4.56;5.52;6.68;6.89;5.15;5.26;4.84;4.98;3.77;0.4;0.95
199409;1.48;1.14;0.95;-0.84;-0.63;-0.77;-1.78;-2;-2.89;-2.36;0.27;0.96
199410;0.46;0.42;-0.24;-0.35;-0.47;1.85;0.35;0.13;1.82;2.61;0.07;0.49
199411;-3.85;-3.73;-3.37;-4.03;-3.91;-5.63;-5.37;-3.49;-4.16;-3.13;0.13;-0.2
199412;-2.35;-0.14;1.77;2.33;2.96;2.36;1.54;1.02;0.72;1.41;0;-0.31
199501;3.07;1.49;-0.38;-1.07;-2.18;0.08;1.28;1.5;3.09;2.97;0.4;-0.13
199502;2.2;3.6;3.76;3.8;4.39;5.74;5.37;4.27;5.58;3.44;0.4;-0.0299999999999998
199503;2.02;1.23;3.48;2.27;2.18;2.06;2.99;2.22;3.25;2.62;0.33;0.0399999999999999
199504;2.96;2.48;2.44;1.43;2.07;1.23;2.55;1.2;1.64;3.24;0.33;0.0600000000000001
199505;2.36;1.9;2.12;1.14;0.93;2.46;1.98;2.67;3.86;4.2;0.2;-2.84
199506;7.63;5.79;6.36;5.91;4.14;4.21;5.3;3.12;2.43;2.38;0.2;-0.25
199507;5.3;7.06;6.12;7.03;6.35;5.91;6.19;5.18;3.9;3.28;0;1.23
199508;4.66;3.86;1.81;2.08;2.28;1.12;1.18;1.83;2.11;0.22;0.26;-0.14
199509;2.3;2.7;1.59;1.91;1.69;1.54;2.56;2.26;2.67;5.09;0.2;-1.11
199510;-4.99;-4.29;-6.3;-6.27;-4.25;-1.88;-0.94;-3.06;-2.15;0.43;0.33;-0.72
199511;0.49;2.88;4.33;4.98;3.78;5.68;4.58;4.52;5.27;4.2;-0.07;-0.68
199512;0.86;2.73;2.91;2.97;1.28;2.85;0.35;-0.21;0.76;1.9;-0.07;-0.6
199601;2.52;0.14;-0.34;-0.23;0.35;-1.14;0.67;2.6;3.12;3.58;0.59;0.58
199602;3.02;3.2;3.32;3.57;3.68;2.98;3.23;1.57;2.43;1.05;0.32;2.2
199603;2.98;3.01;1.53;3.12;2.49;2.88;2.37;0.8;1.13;0.73;0.52;0.75
199604;7.39;7.86;7.71;6.43;4.6;4.01;3.55;3.43;1.79;1.18;0.39;0.54
199605;8.78;5.48;5.83;4.49;3.33;1.88;1.41;1.48;1.71;2.79;0.19;0.87
199606;-4.8;-4.45;-3.59;-4.41;-3.23;-3.57;-1.94;-1.55;-0.9;0.83;0.06;0.01
199607;-9.05;-9.37;-11.28;-9.05;-8.85;-8.56;-5.86;-6.56;-6.36;-4.04;0.19;0.4
199608;3.27;5.13;5.71;6.32;7.06;6.24;5.45;5.13;3.73;1.81;0.19;1.07
199609;2.07;3.84;3.99;4.01;4.57;5.19;4.14;5;5.41;5.97;0.32;-0.45
199610;-2.62;-1.83;-1.22;-1.99;-3.1;-2.21;0.97;-0.35;1.05;2.7;0.32;-0.66
199611;1.37;2.87;3.37;2.47;3.96;4.71;5.52;6.13;6.81;7.84;0.19;-0.82
199612;0.33;1.95;2.76;2.37;0.78;0.31;0.64;-0.96;-2.36;-1.81;0;1.29
199701;6.48;4;3.08;2.27;3.24;1.17;3.21;2.8;4.87;6.82;0.32;1.02
199702;-1.43;-2.53;-4.02;-2.63;-1.7;-2.55;-0.36;0.01;-0.11;0.72;0.31;0.55
199703;-4.61;-4.98;-6.01;-4.8;-5.49;-4.23;-5.1;-4.7;-4.16;-4.45;0.25;0.87
199704;-3.01;-3.94;-1.27;-0.68;1.26;2.24;2.22;1.9;3.09;6.69;0.13;-0.5
199705;7.96;11.04;13.02;12.19;11.65;9.88;8.7;7.86;7.42;5.93;-0.06;0.14
199706;5.17;6.47;5.47;5.15;5.14;4.2;3.99;3.14;2.72;4.77;0.12;-0.34
199707;4.86;6.1;3.18;6.42;5.55;6.29;6.4;7.43;9.09;8.16;0.12;-1.6
199708;4.32;4.39;3.73;2.44;2.77;1.11;0.4;-0.05;-2.1;-6.33;0.19;1.35
199709;10.24;9.15;8.2;7.75;7.85;6.18;6.59;4.54;5.7;5.36;0.25;-1.16
199710;-2.1;-4.1;-4.97;-3.89;-5.42;-3.54;-4.52;-4.86;-3.24;-2.9;0.25;-1.95
199711;-2.73;-1.19;-1.54;-2.33;-0.53;-0.75;1.44;1.93;2.74;5.12;-0.06;-0.13
199712;-3.43;0.04;0.59;1.28;1.2;2.64;2.61;1.32;3.65;1.71;-0.12;-0.91
199801;-0.36;-0.93;-0.45;-1.43;-0.57;-1.83;-0.84;-1.14;-2.35;1.98;0.19;-0.69
199802;5.15;7.27;7.49;8.33;8.53;8.79;7.8;7.46;8.11;7.13;0.19;1.13
199803;5.22;5.46;4.01;4.89;4.39;4.55;5.11;4.69;4.75;5.33;0.19;0.03
199804;2.67;2.54;0.44;1.73;0.08;1.08;1.09;-0.1;0.26;1.63;0.19;0.22
199805;-4.32;-5.14;-4.97;-6.1;-5.68;-5.76;-4.12;-3.48;-2.35;-1.59;0.18;-0.75
199806;-3.05;1.44;-0.27;1.51;1.65;0.57;0.86;0.01;2.5;5.13;0.12;-1.93
199807;-6.29;-6.15;-7.7;-7.66;-7.73;-8.12;-5.52;-5.84;-4.57;0.01;0.12;0.21
199808;-20.85;-22.78;-21.09;-19.52;-20.19;-19.95;-18.68;-17.11;-14.81;-14.43;0.12;-5.14
199809;1.13;5.72;7.06;7.68;6.55;7.6;4.68;7.48;5.75;6.68;0.12;-1.08
199810;1.09;3.05;3.62;4.5;5.54;4.21;6.83;7.41;7.83;8.07;0.24;0.36
199811;7.89;8.58;6.98;6.4;6.92;5.11;4.89;3.73;5.81;6.74;0;1.75
199812;0.64;4.34;5.79;5.63;6.12;7.81;5.79;6.02;5.7;6.84;-0.06;0.06
199901;7.2;4.09;2.07;-0.07;2.56;0.32;-0.98;-1.51;1.4;4.94;0.24;0.69
199902;-5.25;-7.26;-8.46;-9.31;-8.88;-7.13;-4.09;-3.82;-1.99;-3.39;0.12;3.44
199903;-3.67;-2.42;0.23;1.42;4.59;2.78;0.78;3.58;4.8;3.94;0.3;0.14
199904;8.17;11.19;9.62;5.97;11.1;9.68;7.56;9.97;6.23;2.96;0.73;-0.17
199905;3.2;1.16;1.43;2.64;-0.22;-0.07;2.85;0.79;-1.28;-2.64;0;0.16
199906;3.85;10.25;6.95;7.32;5.8;3.68;5.2;6.14;2.5;5.43;0;-0.21
199907;2.24;0.93;-1.13;-2.33;-2.08;-2.65;-0.19;-2.96;-3.68;-3.34;0.3;0.28
199908;-2.93;-2.9;-4.39;-3.89;-2.35;-4.16;-4.1;-1.17;-1.95;-0.21;0.24;0.2
199909;-2.46;-0.68;0.34;-0.54;1.51;0.02;-1.44;-1.7;-4.64;-2.58;0.48;0.29
199910;-0.6;-1.39;-0.32;-0.16;2.64;1.19;5.81;5.25;6.06;7.05;0.18;1.52
199911;12.05;9.94;9.02;7.71;6.67;5.42;6.17;4.71;2.29;2.55;0.06;0.88
199912;12.66;16.05;9.67;12.28;11.92;6.21;12.59;12.41;6.97;6.02;0;0.94
200001;10.56;1.81;0.95;-3.2;-4.54;-3.33;-3.88;-3.49;-3.34;-4.7;0.3;-0.66
200002;29.41;26.02;18.41;16.99;14.96;9.99;13.45;13.22;6.53;-2.62;0.59;-2.76
200003;-10.4;-10.56;-5.97;-6.8;-7.09;0.91;3.06;3.81;5.38;10.64;0.82;-3.18
200004;-18.13;-12.26;-12.07;-6.67;-5.51;-5.08;-6.06;-6.29;-4.81;-3.41;0.06;0.2
200005;-10.33;-7.49;-8.35;-4.58;-3.29;-3.41;-5.54;-3.73;-2.76;-2.58;0.12;-1.52
200006;18.4;22.07;12.92;9.06;8.11;5.67;5.33;7.2;3.21;2.72;0.52;1.2
200007;-1.9;-1.83;-1.47;-4.31;-3.36;-2.97;-3.64;-1.4;-1.01;-1.81;0.23;-0.24
200008;3.82;8.05;6.12;5.52;7.67;7.95;7.11;10.28;9.2;7.35;0;-0.73
200009;-3.31;-3.73;-3.63;-2.99;-4.69;-3.3;-4.72;-4.65;-1.2;-5.51;0.52;2.92
200010;-7.31;-7.71;-4.56;-5.43;-4.4;-5.88;-3.32;-2.48;-2.05;-1.57;0.17;-1.39
200011;-9.18;-10.79;-9.39;-10.52;-10.57;-10.87;-8.01;-9.9;-9.56;-9.81;0.06;-0.28
200012;-2.39;1.31;6.21;8.14;8.85;9.23;8.65;7.49;7.19;-0.23;-0.06;0.0500000000000003
200101;17.74;14.82;10.71;7.45;4.38;5.23;2.48;3.81;3.01;3.25;0.63;3.78
200102;-3.24;-5.41;-5.2;-5.31;-6.71;-7.58;-5.71;-7.73;-5.22;-10.62;0.4;-0.15
200103;-1.13;-4.37;-3.17;-3;-5.73;-6.94;-6.81;-4.9;-5.57;-7.37;0.23;1.19
200104;2.91;7.46;7.23;7.33;8.14;8.32;8.86;10.6;7.75;7.99;0.4;3.03
200105;8.91;12.61;4.75;2.7;2.59;2.76;3.01;3.19;2.44;0.2;0.45;0.44
200106;2.04;3.15;8.48;5.77;3.92;-0.03;1.46;-0.58;-1.38;-2.43;0.17;0.13
200107;-0.72;-4.19;-6.43;-6.45;-5.58;-4.49;-0.98;-2.99;-3.75;-0.91;-0.28;-0.25
200108;-3.08;-3.28;-4.27;-4.6;-3.95;-4.42;-4.3;-5.5;-4.84;-6.77;0;-1.13
200109;-11.07;-13.82;-15.69;-16.15;-15.26;-13.08;-12;-14.66;-10.9;-7.11;0.45;-1.25
200110;6.71;5.42;6.79;7.22;7.95;7.78;4.74;4.72;3.75;1.7;-0.34;-4.52
200111;5.74;7.55;8.86;9.94;8.33;7.92;7.4;10.04;7.56;7.77;-0.17;3.66
200112;6.66;7.98;7.46;6.97;5.99;6.42;5.59;4.33;2.61;0.4;-0.39;1.38
200201;4.63;-0.59;-1.07;-2.6;-1.4;-2.29;0.17;-1.92;-0.35;-1.8;0.23;0.74
200202;-3.87;-4.38;-3.79;-3.28;-2.96;-1.97;-1.28;-1.37;-1.67;-2.28;0.4;0.62
200203;7.87;8.45;9.2;8.57;8.84;6.97;5.52;6.7;5.89;3.32;0.56;2.09
200204;1.96;1.74;1.4;1.51;-0.16;-1.07;-1.75;-0.62;-3.19;-7.2;0.56;-1.1
200205;1.83;-3.78;-5.61;-4.63;-5.25;-2.94;-1.41;-1.53;-1.13;-0.72;0;0.92
200206;-4.03;-0.18;-3.38;-5.22;-6.25;-6.9;-7.54;-8.22;-6.56;-7.58;0.06;-1.14
200207;-11.44;-16.8;-15.45;-16.3;-12.71;-9.54;-9.81;-10.35;-9.66;-6.45;0.11;-2.56
200208;-0.65;-1.41;-0.76;1.23;0.3;1.98;0.56;0.35;0.52;0.82;0.33;-1.49
200209;-8.06;-8.02;-7.3;-7.11;-7.61;-8.63;-9.04;-10.84;-8.54;-10.88;0.17;-0.99
200210;3.34;2.62;4.32;3.27;5.39;3.59;5.41;5.74;6.54;9.37;0.17;1.8
200211;11.41;12.44;9.92;9.58;8.9;7.43;8.46;9.11;5.06;5.32;0;1.36
200212;-3.93;-6.29;-6.68;-5.76;-6.02;-3.95;-5.65;-4.62;-3.71;-6.23;-0.22;-0.65
200301;1.97;-2.44;-2.88;-2.62;-2.54;-3.18;-1.49;-1.98;-1.94;-2.99;0.44;0.69
200302;-1.2;-4.83;-2.38;-2.9;-3.78;-2.3;-1.75;-2.19;-0.56;-1.97;0.77;-0.26
200303;1.74;0.87;0.85;1.75;1.12;1.41;0.48;0.52;1.02;1.16;0.6;0.99
200304;9.37;10.25;10.21;9.52;11.18;8.33;8.9;8.15;6.45;8.46;-0.22;1.15
200305;13.9;13.62;11.14;11.25;10.55;7.78;9.76;9.4;8.97;4.44;-0.16;-1.71
200306;5.49;5.39;1.8;1.76;1.85;1.95;2.12;0.74;0.28;1.49;0.11;0.89
200307;9.1;7.73;7.98;6.68;5.35;3.98;3.91;3.37;2.1;1.57;0.11;1.68
200308;5.18;4.89;4.81;4.68;5.82;5.23;5.09;4.78;3.82;1.29;0.38;-0.11
200309;4.42;0.06;-2.27;-2.48;-2.81;-1.5;-1.35;-1.82;-1.66;-0.98;0.33;-0.489999999999999
200310;9.39;9.04;8.8;8.68;8.87;8.56;7.37;8.56;6.76;5.13;-0.11;1.11
200311;4.93;3.96;3.43;3.35;3.51;3.65;3.2;2.57;2.07;0.66;-0.27;0.11
200312;2.76;2.34;2.27;2.2;1.66;3.1;1.86;3.15;3.43;5.36;-0.11;0.0699999999999998
200401;8.26;5.74;4.95;4.17;3.17;2.87;3.26;1.84;2.81;1.57;0.49;-0.0799999999999998
200402;0.24;0.02;0.04;1.39;0.82;2.97;2.17;2.07;2.07;1.3;0.54;-0.38
200403;-0.41;-0.96;0.71;1.14;1.31;0.72;0;-0.39;-0.29;-1.91;0.64;-0.24
200404;-3.94;-5.78;-4.68;-4.34;-3.34;-3.51;-3.31;-3.17;-1.9;-0.99;0.32;1.39
200405;-0.3;-0.56;1.71;1.98;1.71;2.19;2.08;1.96;1.99;0.96;0.59;-0.37
200406;1.8;5.32;5.14;5.08;3.58;2.92;2.83;2.21;2.74;1.31;0.32;-0.27
200407;-6.97;-9.82;-6.62;-6.8;-5.89;-5.45;-5;-5.25;-3.75;-3.23;-0.16;0.17
200408;-1.37;-1.32;-0.3;-1.84;-0.47;-1.43;-0.6;-0.24;0.29;0.46;0.05;-0.37
200409;3.81;5.25;5.76;5.44;4.52;3.19;3.93;3.24;4.02;0.41;0.21;0.1
200410;1.38;1.87;2.74;1.6;2.17;2.29;2.45;2.37;3.22;0.89;0.53;-0.23
200411;8.17;10.01;9.36;8.58;7.45;6.2;6.88;6.61;5.78;3.47;0.05;0.58
200412;6.33;3.12;3.85;2.8;2.73;4.46;5.06;3.85;3.13;3.5;-0.37;-0.42
200501;-3.47;-4.63;-4.1;-3.47;-4.1;-2.31;-1.51;-3.54;-1.16;-2.57;0.21;-1.3
200502;0.89;-0.24;2.46;3.04;2.39;2.07;3.53;2.44;3.66;1.67;0.58;0.76
200503;-4.14;-3.5;-2.64;-2.08;-3;-1.39;-0.85;-1.24;-0.24;-1.92;0.78;-2.27
200504;-5.82;-6.66;-6.63;-6.23;-5.47;-4.23;-3.86;-3.89;-3.13;-1.31;0.67;-1.77
200505;4.28;6.6;7.28;7.36;6.54;5.22;6.34;5.55;3.6;2.96;-0.1;-0.91
200506;4;4.83;4.23;3.77;3.02;2.83;3.05;2.37;2.55;-0.64;0.05;-0.63
200507;7.88;6.55;7.48;6.15;5.76;5.36;5.58;5.43;4.86;3.28;0.46;2.25
200508;-1;-1.68;-1.68;-1.51;-1.63;-0.76;-0.79;-0.61;-1.22;-0.8;0.51;-1.55
200509;1.18;0.12;0.08;1.07;0.45;0.3;1.42;1.21;1.94;0.48;1.22;0.75
200510;-3.5;-2.65;-2.76;-3.44;-3.37;-2.92;-3.08;-2.62;-2.38;-1.09;0.2;0.0600000000000001
200511;3.23;5.42;4.93;4.9;4.92;5.73;4.12;4.75;3.86;3.64;-0.8;-0.37
200512;1.12;-0.37;0.53;-0.89;-0.42;1.53;0.93;1.06;0.76;-0.3;-0.4;-0.53
200601;8.59;9.87;9.23;8.51;8.27;5.92;5.17;4.78;3.94;1.79;0.76;0.85
200602;1.18;-0.84;-0.11;-0.93;-0.9;-0.32;-0.3;0.19;-0.49;0.23;0.2;0.0700000000000001
200603;5.34;4.61;4.75;4.56;4.92;2.95;2.83;2.54;1.62;1.15;0.55;1.94
200604;0.34;-0.24;1.48;0.41;0.58;0.2;1.84;0.72;1.39;1.17;0.85;2.25
200605;-5.82;-5.9;-5.18;-5.24;-6.26;-3.39;-4.06;-3.28;-3.58;-2.23;0.5;-0.0199999999999999
200606;-1.19;-0.52;0.02;0.31;-0.12;-0.5;-0.53;-0.78;0.82;0.13;0.2;-0.97
200607;-3.56;-4.01;-3.52;-3.78;-3.88;-3.61;-4.32;-2.58;-0.91;1.04;0.3;-0.00999999999999979
200608;2.19;3.3;3.91;2.33;2.51;2.42;1.68;2.46;2.25;2.41;0.2;-0.15
200609;0.82;0.37;1.48;0.75;1.25;0.55;2.07;1.58;1.91;2.74;-0.49;-0.51
200610;5.29;6.41;5.83;5.34;5.07;4.6;3.71;4.26;3.41;3.21;-0.54;0.25
200611;2.52;2.13;3.06;2.31;4.01;4.04;4.03;3.76;2.98;1.44;-0.15;-0.5
200612;2.38;1.22;-0.27;0.29;0.25;0.3;0.55;0.11;0.12;1.81;0.15;1.33
